LEVEL	HANZI	PINYIN	MEANING	EXAMPLE
1	爱	aì	love	我爱你。	deck#6	due@2026-08-14 21:23:20
1+	爱人	aìrén	partner	我爱我的爱人。	deck#6	due@2026-08-14 21:14:11
1+	爱好	aìhǎo	hobby	你有没有爱好？	deck#6	due@2026-07-03 10:49:28
3	可爱	kěài	adorable	我的狗很可爱。	deck#6	due@2027-06-06 07:47:44
5	恋爱	liànài	love (v)	她从没恋爱过。	deck#4	due@2026-07-16 19:33:53
4	受到	shòudào	to receive (influence,restriction),be subject to	他们受到了热情的欢迎。'		
4	受不了	shòubuliǎo	can't stand	天气太热，我真受不了！	deck#2	due@2024-08-14 20:53:06
4	受得了	shòudeliǎo	to endure	她受得了长途旅行吗？		
1	八	bā	eight		deck#6	due@2027-06-11 19:53:06
1	爸爸	bàbà	father	我的爸爸是老师。	deck#6	due@2026-07-03 17:39:33
3	爷爷	yéyé	grandfather	我的爷爷是大夫。	deck#4	due@2026-07-16 17:08:02
1	不	bù	no/not	我不知道。	deck#6	due@2026-07-03 10:52:39
1	不客气	búkèqi	you're welcome	不客气，没有问题。	deck#6	due@2027-06-11 16:58:59
4	不得不	bùdébù	to have to/to have no choice but	由于身体的原因，我不得不改变工作。	deck#4	due@2026-07-14 17:40:00
1	本	běn	book (n), original (a)	我读一本书。	deck#6	due@2026-07-03 10:52:31
4	本来	běnlài	at first (adv), original (a), originally	本来的意思是什么？	deck#6	due@2027-06-30 21:11:50
5	根本	gēnběn	at all (adv)	我根本不累。	deck#2	due@2024-08-07 22:39:09
5	基本	jīběn	basic/basically/essential	工人拿不到基本工资。	deck#2	due@2024-08-14 21:04:40
4	笨	bèn	stupid/foolish/dumb/silly	那个办法很笨了。		
3	体育	tǐyù	sport	他对体育感兴趣。	deck#3	due@2024-09-06 15:03:50
2	休息	xiūxi	rest (v)	我们一下休息吧。	deck#6	due@2026-07-03 10:57:39
3+	休假	xiūjià	vacation/holiday/leave from duty	我在休假。	deck#3	due@2024-09-06 14:45:12
3	米	mǐ	rice		deck#6	due@2027-01-05 22:28:52
1	米饭	mǐfàn	cooked rice	我吃米饭。	deck#6	due@2026-08-14 21:13:48
1	来	lái	to come	他不来。	deck#6	due@2027-06-11 19:34:34
4	将来	jiānglái	future	你对将来有什么打算？		due@2024-07-19 22:16:44
5	未来	weìlái	future	你对未来有什么打算？		
1	菜	cài	vegetable/dish	她准备菜。	deck#6	due@2026-07-03 10:53:24
3	菜单	càidān	menu	请给我们菜单。	deck#4	due@2025-08-07 10:50:57
1	茶	chá	tea	我喝茶。	deck#6	due@2027-08-24 14:56:16
2	咖啡	kāfēi	coffee	你想喝茶还是咖啡？	deck#6	due@2026-07-03 11:04:44
3	条	tiáo	item/article	我买一条衬衫。	deck#4	due@2026-07-16 20:02:26
2	面条	miàntiáo	noodles	我吃面条。	deck#4	due@2026-01-13 13:04:06
3	面包	miànbāo	bread	我吃面包。	deck#4	due@2026-07-16 16:49:24
4	面子	miànzi	reputation/honour/face/prestige		deck#3	due@2024-10-07 17:27:38
4	条件	tiáojiàn	condition/prerequisite/circumstances	在这种条件下，我不同意。	deck#4	due@2026-09-28 14:58:40
4	继续	jìxù	continue	她继续工作。	deck#4	due@2024-12-11 19:06:57
5	断	duàn	to break/sever/absolutely/decidely (negative)	弟弟把筷子弄断了。		
5	不断	búduàn	uninterrupted	经过不断的教育，他学习汉语。	deck#2	due@2024-08-14 20:56:27
1	吃	chī	to eat	猫吃鱼。	deck#6	due@2026-06-25 21:20:28
1+	吃饭	chīfàn	eat (a meal)	我吃饭。	deck#6	due@2026-08-14 21:09:36
1*	吃饱	chībǎo	eat till full	我吃饱了。	deck#6	due@2027-06-30 21:17:14
4	吃惊	chījīng	to be startled/surprised/shocked/amazed	他的记忆力总让我吃惊。		
1	饭店	fàndiàn	restaurant,hotel	我住在饭店。	deck#6	due@2026-08-14 21:03:38
1+	晚饭	wǎnfàn	dinner	吃好晚饭讲个故事。	deck#6	due@2027-06-30 21:16:06
1	商店	shāngdiàn	shop/store	我们去商店。	deck#6	due@2025-11-04 22:46:41
!	业	yè	business/industry/job		deck#6	due@2027-01-05 22:11:01
5	商业	shāngyè	commerce	上海是中国的商业中心。	deck#5	due@2026-09-14 17:06:08
3+	学业	xuéyè	studies	你的学业，学完了没有？	deck#5	due@2026-03-14 13:14:23
3	作业	zuòyè	homework	我有很多作业要做。	deck#6	due@2027-06-11 20:05:05
5	工业	gōngyè	industry	许多人在工业城市工作。	deck#6	due@2027-01-05 22:10:26
5	职业	zhíyè	occupation/profession	他的职业是老师。	deck#2	due@2024-06-14 18:29:26
6	事业	shìyè	activity/undertaking/career		deck#2	due@2024-08-14 20:58:06
!	亚	yà	Asia		deck#5	due@2026-09-14 19:34:37
5	碰	pèng	hit/bump into/touch/take a chance	他碰了我的手。		due@2024-07-20 21:16:04
4	湿润	shīrùn	moist/humid	这里的空气很湿润。		due@2024-07-21 20:19:25
5	显示	xiǎnshì	to show/illustrate/display	错误是如何显示出来的？		
5	显示器	xiǎnshìqì	monitor (n)	我有一台很大的显示器。	deck#2	due@2024-08-14 21:02:37
5	显然	xiǎnrán	clear/evident/obviously	显然没有人有新的建议。		
4	艺术	yìshù	art	音乐是一门艺术。	deck#4	due@2026-07-16 20:01:44
2	公司	gōngsī	company	我在美国的公司工作。	deck#6	due@2026-06-25 21:00:17
2	公斤	gōngjīn	kilogram	以公斤苹果多少钱？	deck#5	due@2025-10-06 10:46:39
4	公里	gōnglǐ	kilometer	今天我走了十公里。	deck#5	due@2026-09-14 18:34:12
3	办公室	bàngōngshì	office	我的办公室在这里。	deck#4	due@2024-12-11 19:27:39
3	办法	bànfǎ	method/way	我不知道办法。	deck#5	due@2026-09-14 16:55:02
4	方法	fāngfǎ	method/way	我喜欢这个学习方法。	deck#4	due@2024-10-29 21:17:19
4	法律	fǎlǜ	law	法律之前人人平等	deck#4	due@2026-09-28 14:56:13
5	法院	fǎyuàn	court	犯人在法院进去。	deck#4	due@2026-07-16 19:09:15
5	合法	héfǎ	legal	我找合法的办法。	deck#4	due@2026-07-11 08:05:58
6	非法	fēifǎ	illegal	我没有做过非法的事。	deck#5	due@2026-10-01 21:41:39
1	大	dà	big	他很大。	deck#6	due@2026-07-03 11:03:47
2	大家	dàjiā	everybody	大家都知道。	deck#6	due@2027-06-11 18:20:34
2+	大学	dàxué	university	我在大学学习数学。	deck#6	due@2026-08-14 21:22:44
!	犬	quǎn	dog (radical)		deck#5	due@2026-09-14 17:06:17
&	占	zhàn;zhān	occupy;divine		deck#3	due@2024-10-03 20:04:20
1	点	diǎn	a little/o'clock	六点四十五了。	deck#6	due@2027-06-30 21:04:57
&	古	gǔ	ancient		deck#3	due@2024-10-07 22:03:52
4	苦	kǔ	bitter/suffer from		deck#4	due@2024-09-29 14:43:52
4	辛苦	xīnkǔ	hard/exhausting/labarous/toilsome	做教師很辛苦。		
5	痛苦	tòngkǔ	pain/suffering	我知道你有痛苦。		
4	估计	gūjì	to estimate/appraise/estimate	我估计他不会来了。	deck#2	due@2024-08-13 21:45:18
5	固定	gùdìng	fixed/set/regular	我在找一些固定工作。/ 行星围着固定不动的恒星转。		
1	电脑	diànnǎo	computer	我恨我的电脑。	deck#6	due@2026-07-03 17:34:12
1	电视	diànshì	television	他把电视关掉	deck#6	due@2026-12-09 13:13:27
1	电影	diànyǐng	film	我要跟我朋友去看电影	deck#6	due@2026-08-14 21:23:52
1+	电话	diànhuà	telephone	我一下打电话。	deck#6	due@2027-06-11 19:46:39
3+	视频	shìpín	video	我真的很喜欢看你的视频。	deck#4	due@2026-07-16 16:54:28
1	四	sì	four		deck#6	due@2027-06-11 16:59:35
3	西	xī	west		deck#6	due@2027-06-30 21:10:20
1	东西	dōngxi	thing	你想吃什么东西吗？	deck#6	due@2026-08-14 21:14:59
4	西红柿	xīhóngshì	tomato	他们喜欢吃西红柿。	deck#4	due@2026-07-16 17:02:29
3+	酒	jiǔ	wine/alcohol		deck#6	due@2027-06-11 19:51:47
3+	啤酒	píjiǔ	beer	他每天喝啤酒。	deck#6	due@2027-08-23 15:18:14
4	脾气	píqì	mood/temper/temperament/disposition	你的脾气很坏。	deck#3	due@2026-06-18 07:32:38
4	尊重	zūnzhòng	to respect/to esteem/to honour/to value	我尊重我的父母。	deck#3	due@2024-09-06 14:38:45
3	东	dōng	east		deck#6	due@2026-07-03 10:46:16
4	东方	dōngfāng	oriental, the Orient/east		deck#5	due@2026-09-14 19:55:20
5	方	fāng	direction		deck#5	due@2025-11-17 21:08:37
3	南	nán	south		deck#6	due@2026-07-03 10:54:50
3	北	běi	north		deck#6	due@2026-07-03 10:56:40
1	北京	běijīng	Beijing	北京是中国的首都。	deck#6	due@2026-07-03 11:08:14
5+	背	bèi	back/back side/behind	我拍拍狗的背。		
5	背景	bèijǐng	background/backdrop	图片的背景是一座城市。		
1	都	dōu	all/even/already		deck#6	due@2026-12-09 11:12:32
3+	都会	dūhuì	big city,community		deck#5	due@2026-09-14 18:20:32
3+	首都	shǒudū	capital	北京是中国的首都。	deck#4	due@2024-12-09 22:34:01
&	头	tóu	head/hair	我的头疼。	deck#6	due@2026-07-03 10:53:13
&	实	shí	solid/true/reality/honest	她说的每句话都是事实。	deck#5	due@2026-09-14 16:59:49
4	实际	shíjì	actual/reality/practice	实际的情况不是这样的。		
1	买	mǎi	to buy	我买了一本书。	deck#6	due@2027-08-23 15:21:22
2	卖	mài	to sell	只有一家商店卖这本书。	deck#6	due@2026-07-03 11:03:58
1	读	dú	to read	我读错了。	deck#4	due@2026-08-04 21:11:44
4	阅读	yuèdú	to read	我的爱好是阅读。	deck#2	due@2024-08-13 21:53:28
&	头发	tóufa	hair (head)		deck#5	due@2025-09-28 21:06:06
1	对不起	duìbuqǐ	sorry	对不起，是我的错。	deck#5	due@2025-11-17 21:08:29
4	对话	duìhuà	conversation/dialogue	这个对话太难理解了。	deck#3	due@2024-10-06 21:18:05
5	对手	duìshǒu	opponent/adversary/rival	他对自己的对手门很友好。		
&	夕	xī	dusk		deck#3	due@2024-09-06 14:51:01
2	外	wài	outside/out/foreign		deck#6	due@2026-07-03 10:56:26
1	多	duō	many		deck#6	due@2026-07-03 10:56:14
1	多少	duōshǎo	how much/many?		deck#6	due@2027-06-11 18:21:24
4	许多	xǔduō	many	城市有许多商店。	deck#5	due@2026-09-14 19:37:19
4	也许	yěxǔ	perhaps/maybe	他们也许来，也许不来。	deck#5	due@2026-09-14 17:12:31
4	够	gòu	enough	不够吗？	deck#5	due@2026-09-09 07:35:07
1	岁	suì	age/years	我四十一岁。	deck#6	due@2027-08-23 15:13:34
&	冬	dōng	winter		deck#4	due@2026-07-16 16:58:24
3	终于	zhōngyú	finally/at last	终于不下雨了。	deck#6	due@2027-01-05 22:16:25
3	疼	téng	pain/hurts		deck#4	due@2026-07-16 18:33:08
4	修	xiū	to repair/to build	他修了车。	deck#5	due@2025-11-17 21:05:57
1	儿子	érzi	son		deck#6	due@2026-12-09 13:13:08
1	二	èr	two			
3	分	fēn	divide		deck#4	due@2026-07-16 16:58:04
4	份	fèn	part/portion(MW)		deck#3	due@2024-11-16 21:54:13
1	分钟	fēnzhōng	minute	我十分钟后有空。	deck#5	due@2025-09-28 20:59:45
4	部分	bùfèn	part (n)	我只可以看一部分的人。	deck#3	due@2024-09-06 17:49:28
4	十分	shífēn	very/fully/100%	在这儿生活十分安全。	deck#4	due@2024-09-03 20:19:02
5	分析	fēnxī	to analyse/analysis	我来帮你分析以下吧！		
4	全部	quánbù	whole (adj/n)	谁吃了全部饼干？	deck#4	due@2026-07-16 16:55:41
2	完	wán	whole/complete		deck#4	due@2026-07-16 16:52:45
3	完成	wánchéng	to finish/complete		deck#4	due@2026-08-04 21:17:31
4	完全	wánquán	complete/whole/totally	她完全不了解我。		
2	玩	wán	to play	孩子在小学玩玩。	deck#5	due@2026-09-14 20:15:56
2	高	gāo	high/all	他比我高。	deck#6	due@2027-06-11 18:17:33
1	高兴	gāoxìng	happy,enjoy (v)	我们的孩子玩得很高兴。	deck#6	due@2027-06-30 21:10:30
3	提高	tígāo	to raise/improve	我提高我的汉语水平。	deck#6	due@2026-07-03 10:54:32
4	提供	tígōng	to provide/supply	他们给我提供了很多帮助。	deck#4	due@2026-07-16 18:38:29
4	提出	tíchū	to raise an issue/to suggest/to post	他常常提出一个问题。	deck#4	due@2026-07-16 17:03:51
4	提前	tíqián	shift to an earlier date/bring forward/advance	她提前一小时完成了工作。		
4	提醒	tíxǐng	to remind/to call attention to/to warn	请提醒我寄信。		
3	总（是）	zǒng(shì)	always	他总是很聪明。	deck#6	due@2027-06-11 18:41:19
4	总结	zǒngjié	summary/summarise			
&	聪明	cōngmíng	clever	他总是很聪明。	deck#6	due@2027-01-05 21:59:45
1	个	ge	generic measure word		deck#6	due@2027-08-24 15:04:41
4	个子	gèzi	height/stature/build		deck#5	due@2026-09-14 20:04:42
1	工作	gōngzuò	work (n)	我在一家德国公司工作。	deck#6	due@2027-06-11 17:13:08
1	狗	gǒu	dog	我的够很可爱。	deck#6	due@2026-08-14 21:11:31
5	猪	zhū	pig		deck#5	due@2026-09-14 17:11:09
1	猫	māo	cat	我的猫很可爱。	deck#6	due@2027-06-11 17:13:49
&	狼	láng	wolf	狼吓到了我。	deck#6	due@2027-06-11 17:01:42
5	狮子	shīzi	lion	狮子是非洲的王。	deck#6	due@2027-06-11 16:52:41
4	帅	shuài	handsome	他很帅。	deck#4	due@2024-10-29 21:21:21
5	猴子	hóuzi	monkey	猴子爬上了树。	deck#3	due@2024-09-06 16:53:50
4	老虎	lǎohǔ	tiger	老虎吓到了我。	deck#2	due@2024-08-13 22:03:19
3	熊猫	xióngmāo	panda	熊猫住在中国。		
3+	熊	xióng	bear		deck#4	due@2026-07-16 18:26:03
1	汉语	hànyǔ	Chinese	我会说汉语。	deck#6	due@2025-09-20 20:42:03
1	好	hǎo	good		deck#6	due@2026-08-14 21:13:40
1	号	hào	number		deck#6	due@2026-07-03 11:00:15
4	号码	hàomǎ	number	请给我你的电话号码。	deck#5	due@2026-09-14 18:43:35
4	密码	mìmǎ	password	我忘记了我的密码。		
4	污染	wūrǎn	to pollute/contaminate/pollution/contamination	别这样做，会污染环境！	deck#2	due@2024-08-13 22:00:50
1	喝	hē	to drink	我喝茶。	deck#6	due@2025-11-06 19:15:09
3	渴	kě	thirsty	你为什么总觉得很渴？	deck#6	due@2026-08-14 21:08:44
1	很	hěn	very	他很大。	deck#6	due@2025-09-20 20:41:09
4	恨	hèn	to hate	天气很冷。我恨冬雨。	deck#3	due@2024-09-06 14:52:16
3	跟	gēn	with, follow (v), heel (n)	我很喜欢跟你去银行。	deck#6	due@2027-01-05 22:56:38
2	眼睛	yǎnjing	eye	她眼睛是颜色的。	deck#6	due@2026-08-14 21:14:00
3	眼镜	yǎnjìng	glasses	我眼睛很累。我的眼镜在哪儿？	deck#4	due@2024-10-30 22:03:37
3	银行	yínháng	bank	我很喜欢跟你去银行。		
4	限制	xiànzhǐ	limit (v/n)	有速度限制吗?		due@2024-07-19 22:28:19
4	浪漫	làngmàn	romantic	太浪漫了！	deck#4	due@2024-12-11 19:12:57
1	后面/边	hòumiàn/bian	behind, later (adv)		deck#6	due@2027-06-11 17:05:49
&	友	yǒu	friend		deck#4	due@2024-09-03 20:28:06
4	友好	yǒuhǎo	friendly	这儿的人们都很友好。	deck#4	due@2026-09-27 15:25:56
2	右	yòu	right	图书馆是在右手边。	deck#6	due@2026-08-14 21:23:25
5+	石	shí	stone/rock/mineral		deck#6	due@2026-08-14 21:06:26
5	石头	shítóu	rock	不要对狗丢石头!	deck#6	due@2026-08-14 21:15:29
6	石油	shíyóu	oil/petrol	我们国家有很多石油。	deck#5	due@2026-11-26 15:27:12
2	左	zuǒ	left	医院是在左边。	deck#4	due@2024-10-30 17:39:30
4	左右	zuǒyòu	approximate/about/around	六点左右	deck#5	due@2026-11-26 15:28:29
2	右面/边	yòumiān/bian	the right	请你站在我后面。	deck#6	due@2027-06-11 17:17:44
2	左面/边	zuǒmiān/bian	the left	请你战在我左面。	deck#5	due@2026-09-14 19:58:27
1	前面/边	qiánmiān/bian	in front of/before	我在学校前面等你。	deck#6	due@2027-06-11 18:49:01
2	旁面/边	pángbian	beside/side	她坐在我的旁边。		
&	两边	liǎngbiān	on both sides	街道两边有许多商店。	deck#5	due@2025-09-28 21:02:09
3	一边	yībiān	at the same time	她一边说一边喝茶。	deck#6	due@2027-06-30 21:15:42
3	元	yuán	first, measure word for money, coin		deck#4	due@2026-07-11 07:40:37
2	远	yuǎn	far	公园里商店很远。	deck#5	due@2026-04-10 21:47:39
2	近	jìn	close (distance)	公园离商店很近。	deck#5	due@2026-09-14 20:14:21
2	进	jìn	to enter/come in	请进来。	deck#5	due@2026-09-14 17:20:56
2	进入	jìnrù	to enter/come in	他进入了我的房间。	deck#4	due@2026-07-11 07:52:12
3	讲	jiǎng	to speak/explain/discuss	我不明白他在讲什么。	deck#5	due@2026-09-14 17:15:19
5	进步	jìnbù	improve/progress/advanced	他的英语有了小小的进步。	deck#2	due@2024-08-13 21:52:22
2	到	dào	to arrive/go		deck#6	due@2027-06-11 17:06:13
4	倒	dǎo;dào	to collapse/to fall/to fail;to pour	树倒在了地上。; 请给我倒一杯子茶。	deck#4	due@2026-07-11 07:41:57
4	到处	dàochù	all places/everywhere	地上到处放杯子。	deck#3	due@2024-10-07 17:33:16
4	好处	hǎochù	advantage/benefit	这么做有很多好处。	deck#3	due@2024-10-02 20:31:24
4	坏处	huàichù	disadvantage	这么做没有坏处。		
3	迟到	chídào	be late	对不起，我迟到了。	deck#5	due@2026-09-14 17:13:02
5	迟早	chízǎo	sooner or later	她迟早会回来的。	deck#2	due@2024-08-14 20:59:20
3	班	bān	class/team/squad/shift	他们应该上班。	deck#4	due@2026-07-11 07:51:02
2	孩子	háizi	child	孩子在小学玩玩。	deck#6	due@2027-06-06 07:36:51
3	刻	kè	quarter (time)		deck#4	due@2026-07-16 18:33:12
1	回	huí	return (v) reply (v)		deck#6	due@2026-07-03 11:00:48
1	回来	huílái	return (v) come back	她回来到我们家	deck#6	due@2027-06-11 19:47:20
3	回答	huídá	answer (v/n)	你的回答是非常好。	deck#6	due@2027-06-11 18:31:11
	回到	huídào	get back to	我回到家的时候，感觉非常饿。	deck#6	due@2027-06-11 17:02:17
4	回忆	huíyì	to recall/memory	我奶奶喜欢回忆过去的事情。	deck#5	due@2025-10-06 10:56:53
2	问	wèn	to ask (v), question(n)		deck#6	due@2026-12-09 11:12:29
2	问题	wèntí	question (n), problem (n)	你能回答他的问题吗？	deck#6	due@2027-08-24 15:01:38
2	题	tí	subject, topic		deck#4	due@2026-07-11 07:48:02
3	向	xiàng	to/towards, direction (n)	向右转。/ 她向我问一个问题。	deck#4	due@2026-07-16 16:47:18
4	方向	fāngxiàng	direction (n)	公园在哪个方向？	deck#4	due@2026-07-16 17:05:37
4	响	xiǎng	loud/sound(n+v)/ring(v)	电视机太响了。	deck#4	due@2024-10-29 21:51:40
5	墙	qiáng	wall	把那幅画挂到墙上。	deck#4	due@2026-09-28 15:02:28
2	房间	fángjiān	room	他进了我的房间。	deck#6	due@2026-07-03 10:51:15
5	屋子	wūzi	room	他进了我的屋子。	deck#5	due@2026-10-03 21:17:49
3+	房子	fángzi	house, apartment	我买了一个房子。	deck#6	due@2026-08-14 21:23:43
3	厨房	chúfáng	kitchen	她在厨房在准备菜。	deck#4	due@2026-07-16 19:25:53
2	时间	shíjiān	time	我今天没有时间。	deck#6	due@2025-11-04 22:08:23
3	中间	zhōngjiān	centre/middle	他坐在你们的中间。	deck#5	due@2025-10-06 17:39:27
2	间	jiān	place/space/between/among/MW for rooms and houses			
1	时候	shíhou	time	回来家的时候，他很饿了。	deck#6	due@2027-08-24 15:00:44
1	的	de	(posessive particle)	我的爱人。	deck#6	due@2027-06-11 17:13:54
3+	同	tóng	same/with/together/as..as		deck#5	due@2025-10-06 17:39:55
4	同时	tóngshí	at the same time, besides	他们同时到了。		
1	同学	tóngxué	classmate/fellow student	她是我的同学。我们是同学们。	deck#6	due@2027-06-30 21:08:44
3	同事	tóngshì	colleague	我和同事一起工作。	deck#6	due@2026-08-14 21:15:05
4	同情	tóngqíng	compassion/sympathy/sympathize	每个人都对囚犯表示同情。		
3	词典	cídiǎn	dictionary (words)	你用完词典了吗？	deck#5	due@2026-09-14 17:17:38
3	字典	zìdiǎn	dictionary (characters)		deck#6	due@2027-08-24 15:03:23
5	经典	jīngdiǎn	classics/classical			
1	会	huì	to be able to, to assemble	我会说汉语。	deck#6	due@2026-08-14 21:10:15
3	会见	huìjiàn	to meet	我今天下午会见你。	deck#5	due@2026-09-14 16:48:29
3	会议	huìyì	meeting	会议还没结束。	deck#6	due@2026-08-14 21:07:40
3	机会	jīhuì	opportunity/chance	我没有机会说汉语。	deck#6	due@2027-06-11 16:49:10
4	社会	shèhuì	society	我们住在一个社会。	deck#4	due@2024-12-09 21:45:32
&	都会	dūhuì	big city,community		deck#5	due@2026-09-14 20:05:17
3	一会儿	yīhuìr	in an instant/soon, a while	我们觉得他一会儿就回来了。	deck#6	due@2025-09-24 21:29:11
&	会员	huìyuán	member	每位会员每月必须付一万元。	deck#4	due@2026-07-16 18:58:49
5	念	niàn	read(aloud)/study/miss/idea		deck#4	due@2026-07-16 17:04:44
5	想念	xiǎngniàn	to miss/long to see again	我想念你。	deck#3	due@2024-08-19 15:54:22
4	尝	cháng	taste/ever	你尝过米饭了吗？	deck#3	due@2026-01-17 21:26:27
4	合适	héshì	appropriate/suitable/fit	你觉得说这种话合适吗？	deck#5	due@2026-09-14 16:53:22
5	合作	hézuò	cooperate/cooperation	我需要你们的合作。	deck#3	due@2024-10-07 22:02:30
4	盒子	hézi	box/case	我打开盒子的时候，它是空的。	deck#3	due@2024-08-19 21:41:36
4	答案	dá'àn	solution/answer	这个答案是对的。	deck#2	due@2024-07-30 17:28:29
1	几	jǐ	how much/many/a few	现在几点？	deck#6	due@2026-07-03 11:00:12
3	几乎	jīhǔ	almost	他几乎跟他爸爸一样高。	deck#3	due@2024-10-06 21:48:06
5	呼吸	hūxī	to breathe	用你的鼻子呼吸。		due@2024-07-20 21:22:32
1	九	jiǔ	nine		deck#6	due@2026-07-03 10:49:32
1	力	lì	force (n),strength (n), power (n)		deck#6	due@2027-06-11 19:34:47
5	力量	lìlìang	power/force/strength	这个国家的军事力量很先进。		
4	刀	dāo	knife	我需要一把刀。	deck#6	due@2026-12-09 11:09:36
3	万	wàn	ten thousand	他有2万元.	deck#3	due@2024-10-06 21:44:28
4	能力	nénglì	ability		deck#6	due@2026-08-14 21:12:07
3	努力	nǔlì	to try hard	他学习非常努力。	deck#5	due@2025-10-06 10:58:22
3	穷	qióng	poor	世界上有很多穷人。	deck#4	due@2024-09-05 12:42:59
3	为(了）	weì(le)	for		deck#6	due@2026-07-03 10:45:03
4	切	qiē	to cut	我切这个蛋糕。	deck#4	due@2024-10-30 17:30:04
4	一切	yíqiè	all/everything	我们一切都好，谢谢。	deck#5	due@2025-10-06 11:01:07
5	伤害	shānghài	injure/hurt	他伤害了他的左手。	deck#4	due@2026-07-16 17:09:11
4	伤心	shāngxīn	sad/saddened	这个消息让她很伤心。	deck#3	due@2024-09-06 15:05:32
1	家	jiā	family, home	我回了家。	deck#6	due@2026-08-14 21:15:08
3	国家	guójiā	state	许多国家的人讲英文。	deck#6	due@2027-06-09 17:40:07
5	家庭	jiātíng	family	我有一个大家庭。	deck#5	due@2026-09-14 16:58:40
6	人家	rénjiā	household,family	他是有钱人家的儿子。	deck#6	due@2026-07-03 17:41:02
1	叫	jiào	shout,call,order	你叫什么？	deck#6	due@2027-06-11 17:04:47
4	收	shōu	receive/accept/collect	你收到我送给的礼物？	deck#4	due@2026-01-13 13:04:40
4	收拾	shōushi	to tidy up/to put in order	他把房间收拾了一下。	deck#2	due@2024-08-14 20:52:21
4	收入	shōurù	income	他的收入不够。	deck#4	due@2026-07-16 19:03:20
2	笑	xiào	to laugh/smile	她笑了。	deck#6	due@2026-08-14 21:13:43
4	开玩笑	kāiwánxiào	to joke/to make fun of	你觉得我是在开玩笑吗？		
3	哭	kū	to cry	大家都哭了，就我没哭。	deck#6	due@2026-12-09 11:10:11
5+	器	qì	instrument/machine/apparatus		deck#2	due@2024-08-07 22:16:10
5	乐器	yuèqì	instrument (musical)	除了钢琴以外，还会玩什么乐器吗？		due@2024-07-20 21:03:43
&	唱	chàng	to sing	她开始唱歌。	deck#5	due@2025-11-17 21:15:11
4	感冒	gǎnmào	have a cold	我昨天感冒了	deck#5	due@2026-09-14 19:57:37
2	歌	gē	song	她开始唱歌。		
1	今天	jīntiān	today	见天的天气很好。	deck#6	due@2026-07-03 10:56:57
1	昨天	zuótiān	yesterday	昨天的天气不好。	deck#6	due@2026-07-03 10:51:20
1	明天	míngtiān	tomorrow	明天的天气很好。	deck#6	due@2027-06-11 18:25:52
1	天气	tiānqì	weather	今天的天气很好。	deck#5	due@2026-09-14 19:16:22
4	气候	qìhòu	climate	这样树更适合在南的气候。	deck#4	due@2026-07-16 20:05:01
4	空	kōng	empty (a), sky (n)	盒子是空的。	deck#6	due@2026-08-14 21:21:57
4	空气	kōngqì	air	我需要鲜空气。	deck#6	due@2027-01-05 21:51:11
5	天空	tiānkōng	sky	天空很晴朗。	deck#4	due@2026-07-16 19:56:22
4	深	shēn	deep/profound	这片湖是日本最深的。	deck#5	due@2026-09-14 17:21:29
4	窄	zhǎi	narrow	那座桥太窄。	deck#2	due@2024-08-13 22:09:43
4	火	huǒ	fire/burn	房子着火了	deck#6	due@2026-08-14 21:08:31
3	其实	qíshí	actually	其实没有发生。	deck#4	due@2026-07-16 17:01:53
3	其他/其它	qítā	other/else/the rest	她不像其他女孩一样	deck#5	due@2025-10-06 11:00:37
4	尤其	yóuqí	especially	尤其是要注意你吃的和喝的东西。	deck#3	due@2026-01-17 22:08:52
4	其中	qízhōng	amongst/among these/included	我们班有四个学生。其中三个中国人。		
1	太	tài	too/so/such	她太漂亮。	deck#6	due@2026-07-03 11:08:21
3	太阳	tàiyáng	sun	太阳下山了。	deck#6	due@2027-06-11 17:12:19
6	太空	tàikōng	space	你去过太空吗？	deck#6	due@2026-06-25 21:07:25
5	直	zhí	straight/simply			due@2023-12-22 22:08:08
3	一直	yīzhí	always/constantly/straight	他一直都忙。	deck#6	due@2027-06-11 16:53:15
4	直接	zhíjiē	directly/immediately	我下了班，直接去飞机场接你。		due@2024-07-21 20:14:19
5+	谈话	tánhuà	chat	请跟你妈妈谈话。		due@2024-06-13 18:28:04
1	飞机	fēijī	airplane	那飞机真大！	deck#6	due@2026-08-14 21:23:01
	飞机场	fēijīchǎng	airport	到飞机场多远？	deck#6	due@2027-06-11 18:31:06
!	厂	chǎng	factory		deck#4	due@2024-10-30 17:41:24
4	广告	guǎnggào	advertisement	那家公司在广告上花了很多钱。	deck#4	due@2026-07-16 18:23:25
5	广场	guǎngchǎng	square/plaza		deck#2	due@2024-07-30 15:27:44
5	产生	chǎnshēng	produce/develop/cause		deck#4	due@2026-07-16 18:27:04
5	产品	chǎnpǐn	product	这个国家的主要产品之一是咖啡。	deck#5	due@2026-09-14 17:03:33
6	产业	chǎnyè	industry		deck#5	due@2026-09-14 17:10:00
!	严	yán	tight/strict/severe		deck#4	due@2026-07-16 16:47:36
4	严重	yánzhòng	serious	这个问题很严重。		
4	严格	yángé	strict	他对自己的孩子很严格。	deck#2	due@2024-08-14 20:52:45
4	窗户	chuānghu	window	别忘记关窗户。	deck#4	due@2026-07-11 07:51:46
4	护士	hùshi	nurse	她当护士。	deck#4	due@2026-07-16 17:18:53
5	扩大	kuòdà	to expand/enlarge/broaden			due@2024-07-20 21:10:55
3	邻居	línjū	neighbour	我讨厌我的邻居。		
1	开	kāi	to open		deck#6	due@2027-06-30 21:08:50
2	开始	kāishǐ	to begin/to start, beginning (n)	我开始记起来了。	deck#6	due@2027-06-06 07:53:58
？	开车	kāichē	to drive	我是开车来的。	deck#6	due@2026-07-03 10:53:11
4	开刀	kāidāo	to operate/surgery		deck#6	due@2027-06-30 21:08:49
4	开心	kāixīn	happy	我很开心。	deck#6	due@2025-11-04 21:56:26
4	并不	bìngbù	not at all	他并不帅。	deck#4	due@2024-09-29 14:42:00
4	并且	bìngqiě	and/besides/moreover/furthermore/in addition	他们结婚了，并且生了两个女儿。		due@2024-07-20 21:00:19
3	饼干	bǐnggān	cookie/cracker	谁吃了全部饼干？		
4	拼音	pīnyīn	Pinyin	我能读拼音。	deck#4	due@2026-07-16 20:03:36
4	瓶子	píngzi	bottle	那个空瓶子是他的。	deck#4	due@2026-09-28 14:58:31
3	结束	jiéshù	to end/to finish	冬天结束了。	deck#4	due@2026-07-16 19:46:04
3	结婚	jiéhūn	to get married	她决定和他结婚。	deck#4	due@2026-07-16 19:10:37
4	离婚	líhūn	to divorce	她打算离婚。		
4	结果	jiéguǒ	outcome/result/conclusion/in the end	我不想看到这样的结果。	deck#5	due@2026-09-14 17:05:19
4	效果	xiàoguǒ	result/effect	吃这个药的效果很好。	deck#2	due@2024-08-13 22:06:55
1	看	kàn	to look		deck#6	due@2026-07-03 10:52:09
1	看见	kànjiàn	to see	我今天看见她了。	deck#6	due@2026-07-03 11:06:39
2+	看书	kànshū	to read (a book)/study		deck#6	due@2025-09-20 20:17:47
2+	看到	kàndão	to see/to notice	你没有看到我妈？	deck#5	due@2026-09-14 16:53:12
2+	看来	kànlái	to seem, view (n)	看来他爱你。	deck#4	due@2026-07-11 07:45:18
4	看法	kànfǎ	point of view/opinion	我的看法相反。	deck#5	due@2026-09-14 17:03:04
2	着	zhe	continuous/ongoing aspect particle		deck#6	due@2027-06-11 19:37:26
3	着急	zháojí	worried/worry	你不要着急。	deck#3	due@2024-09-06 16:53:42
3	春	chún	spring	春天来了。	deck#4	due@2024-12-09 22:32:24
3	夏	xià	summer	这里夏天非常炎热。	deck#5	due@2026-09-14 19:46:24
4	省	shěng	province	中国有很多省。	deck#3	due@2024-09-06 14:57:50
3	差	chà;chā;chāi	mistaken/poor;difference;send		deck#4	due@2024-09-29 14:55:19
4	差不多	chàbuduǒ	about the same/almost/approximately	我跟我妹妹差不多一样高。	deck#5	due@2025-09-28 21:09:46
1	块	kuài	lump/piece (MW)		deck#5	due@2026-09-14 18:20:09
2	快	kuài	fast/quick/soon	你说得非常快。	deck#6	due@2026-08-14 21:11:28
2	快乐	kuàile	happy/joyous	新年快乐	deck#5	due@2025-10-06 10:49:18
3	筷子	kuàizi	chopsticks	我用筷子吃饭。	deck#6	due@2026-08-14 21:05:28
3	决定	juédìng	to decide	我决定当个老师。	deck#5	due@2026-09-14 19:35:38
4	缺少	quēshǎo	to lack/to be short on	很多村子缺少老师。		
4	缺点	quēdiǎn	shortcoming/defect/weakness	这方法有什么优点和缺点？		
6	缺席	quēxí	absence/absent	他昨天缺席了。		due@2024-07-20 20:49:22
3	旧	jiù	old	(inanimate)	deck#6	due@2026-08-14 21:08:33
1+	但	dàn	but/only		deck#6	due@2026-12-09 11:00:27
2	但是	dànshì	but	我在工作，但是我妻子在家。	deck#6	due@2026-06-25 21:06:09
5	担心	dānxīn	worry	大家都担心。	deck#5	due@2025-10-06 11:04:52
5	拍	pāi	to clap/pat/heat/hit/slap/take a picture	我拍了一张照片。/ 我拍拍狗的背。		
2+	怕	pà	fear/afraid	我们没怕。	deck#6	due@2026-12-09 13:13:33
3	害怕	hàipà	to be afraid	你害怕睡着吗？	deck#5	due@2026-09-14 16:56:24
4	恐怕	kǒngpà	I'm afraid that..	我恐怕他不来了。	deck#4	due@2025-08-07 17:36:05
4	害羞	hàixiū	to be shy	我很害羞。	deck#4	due@2026-07-16 16:46:32
3	老	lǎo	old	他太老了，没有在工作了。	deck#6	due@2026-08-14 21:25:20
1	老师	lǎoshī	teacher	他是我的汉语老师。	deck#6	due@2026-07-03 10:52:28
5	老板	lǎobǎn	boss	我把我老板睡了。	deck#5	due@2026-09-14 19:27:28
4	律师	lǜshī	lawyer	他儿子想当律师。	deck#4	due@2026-07-16 17:10:48
2	新	xīn	new	我买了一辆新车。	deck#6	due@2027-06-11 19:47:11
3	新闻	xīnwén	news	我每天早上都会看新闻。	deck#5	due@2026-09-14 16:56:29
3	新鲜	xīnxiān	fresh (food etc)/new/novel	面包不新鲜。	deck#5	due@2026-09-14 20:24:27
4	重	zhòng	heavy/weight/strong/important		deck#4	due@2026-07-11 08:05:07
4	重新	chóngxīn	again	我们可以重新再来。	deck#4	due@2024-09-29 15:04:04
3	重要	zhòngyào	important	对我，他很重要。	deck#6	due@2026-07-03 10:57:51
4	重视	zhòngshì	value (n/v)/attach importance/take seriously	父母很重视孩子的教育。	deck#2	due@2024-08-07 22:13:29
5	重量	zhòngliàng	weight			
4	严重	yánzhòng	serious	这个问题很严重。	deck#3	due@2024-10-06 21:44:50
3	懂	dǒng	understand	你看得懂这本书吗？	deck#5	due@2026-04-10 21:59:58
1	睡觉	shuìjiào	sleep	我困了，想睡觉。	deck#6	due@2026-08-14 21:09:01
4	睡醒	shuìxǐng	to wake up	我睡醒了。	deck#4	due@2024-10-30 17:37:08
2	觉得	juéde	feel/think	我觉得她不会来。	deck#6	due@2027-06-11 16:57:24
4	感觉	gǎnjué	feeling	我感觉好极了	deck#6	due@2026-08-14 21:18:23
6	发觉	fājué	discover	禁止她发觉有错误。	deck#4	due@2026-07-16 17:16:19
3	发烧	fāshāo	fever	你没发烧。	deck#2	due@2024-08-14 20:50:43
4	发生	fāshēng	happen	那个有时会发生。	deck#6	due@2026-12-09 13:22:36
4	发展	fāzhǎn	to develop/development	中国发展得很快。	deck#4	due@2026-01-13 11:05:31
1	学习	xuéxi	to learn/study	我学习汉语。	deck#6	due@2026-06-25 20:59:59
1	学校	xuéxiào	school	你的学校离这儿远吗？	deck#5	due@2026-09-14 17:22:01
3	教	jiāo	to teach	我喜欢教法语。	deck#6	due@2026-08-14 21:23:16
2	教室	jiàoshì	classroom	有些男孩走进了教室。	deck#4	due@2026-09-27 15:21:18
4	教育	jiàoyu	education	他给他他的孩子们好的教育	deck#4	due@2026-02-09 21:50:10
4	教授	jiàoshòu	professor/to instruct/to lecture	他父亲在大学当教授。		
6	宗教	zōngjiào	religion	你最好別提到宗教和政治这些问题。		
!	现	xiàn	present/reveal/ready		deck#6	due@2026-07-03 10:52:20
1	现在	xiànzài	now	现在几点？	deck#6	due@2026-08-14 21:06:14
4	现金	xiànjīn	cash	我想付现金。	deck#3	due@2024-10-02 20:27:50
4	现代	xiàndài	modern	现代科学技术让我们的生活更加舒服。	deck#5	due@2025-10-06 11:04:21
4	现象	xiànxiàng	phenomenon/appearance	那种现象很普通。	deck#3	due@2024-09-06 14:50:38
3	发现	fāxiàn	discover	他发现了一个新油田	deck#6	due@2026-08-14 21:22:51
4	出现	chūxiàn	appear	一个男的突然出现在门口。	deck#6	due@2026-08-14 21:09:15
5	表现	biǎoxiàn	act (v/n)/show/perform/performance	他表现得像个疯子。	deck#4	due@2026-07-16 18:34:31
4	表扬	biǎoyáng	praise (n/v)	我们要经常表扬孩子。	deck#2	due@2024-08-13 22:05:07
4	表格	biǎogé	form/table	他填写了表格。	deck#2	due@2024-08-13 21:39:26
1	了	le	past particle/change marker	天气冷了。	deck#6	due@2026-07-03 10:50:15
4	了不起	liǎobuqǐ	incredible/extraordinary/great/amazing	你真了不起！	deck#4	due@2026-07-16 17:10:54
1	冷	lěng	cold	天气冷了。	deck#6	due@2026-08-14 21:09:39
4	冷静	lěngjìng	calm/cool-headed/sober	我们只须保持冷静。	deck#2	due@2024-08-07 22:11:21
1	水	shǔi	water	这水很好喝。	deck#6	due@2027-06-11 17:03:11
2+	冰	bīng	ice	她双手冰冷。	deck#5	due@2026-09-14 20:14:18
3+	冰箱	bīngxiāng	refrigerator	冰箱脏了	deck#4	due@2024-08-18 21:08:28
3+	水平	shuǐpíng	standard/level/horizontal	你的英语水平如何？	deck#6	due@2026-08-14 21:13:36
4+	永	yǒng	forever/everlasting			due@2023-12-22 13:41:03
4	永远	yǒngyuǎn	eternal/always/ever	我们永远在一起。	deck#3	due@2024-09-06 14:51:32
1	六	liù	six		deck#6	due@2027-06-11 17:06:55
1	妈妈	māma	mother	我爱我的妈妈。	deck#6	due@2027-06-30 21:16:00
1	吗	ma	question particle	你好吗？		
3	马	mǎ	horse	他喜欢马。	deck#6	due@2026-07-03 10:56:06
3	鸟	niǎo	bird	他喜欢鸟。	deck#6	due@2027-06-30 21:10:47
3+	鸡	jì	chicken	我们有一只狗，三只鸡和两只鸭。	deck#5	due@2026-09-14 19:37:29
2	鸡蛋	jìdàn	chicken egg	我买了六个鸡蛋。	deck#4	due@2026-07-11 07:49:13
3+	鸭	yā	duck	我们有一只猫，六只鸡和三只鸭。	deck#6	due@2026-08-14 21:18:48
1+	中	zhōng	centre/middle		deck#6	due@2027-06-30 21:08:24
1	中国	zhōngguó	China	中国是很大的国家。	deck#6	due@2027-06-11 19:32:28
3	种	zhǒng;zhòng	species/seed/courage;sow	你有卖这种药吗？	deck#4	due@2024-09-29 14:43:36
5	种类	zhǒnglèi	type	我已经读过很多种类的书了。	deck#3	due@2026-01-17 21:23:58
2+	种种	zhǒngzhǒng	various/all sorts of		deck#5	due@2026-11-26 15:18:28
4	毛	máo	hair	我爱长毛。	deck#6	due@2027-08-24 15:03:36
2+	笔	bǐ	pen/MW for sums of money		deck#6	due@2026-07-03 10:53:17
4	毛巾	máojīn	towel	宾馆的毛巾都很干净。	deck#4	due@2024-12-10 19:15:30
2+	手	shǒu	hand		deck#6	due@2027-06-11 19:37:21
2	手机	shǒujī	mobile phone	我的手机在桌子上。	deck#6	due@2027-06-30 21:10:55
2	手表	shǒubiǎo	wristwatch	这个手表坏掉了。	deck#5	due@2025-10-06 10:58:02
5	手术	shǒushù	operation (surgical)	医生决定立刻动手术。		
1	果	guǒ	fruit	他把水果放进冰箱里	deck#6	due@2027-06-11 19:54:14
3	如果	rúguǒ	if	如果你需要笔的话，我借你一支。	deck#6	due@2027-06-11 20:11:48
5	如何	rúhé	how/what	他的汉语水平如何？	deck#4	due@2026-01-13 11:12:18
4	比如	bǐrú	for example/such as		deck#5	due@2026-09-14 17:09:53
4	例如	lìrú	for example		deck#4	due@2026-07-16 16:55:17
4&	例子	lìzi	example (n)		deck#2	due@2024-08-07 22:29:23
1	苹果	píngguǒ	apple	我买一点儿苹果。	deck#6	due@2026-07-03 17:37:36
3	果汁	guǒzhī	juice	他喜欢喝果汁。	deck#4	due@2026-07-16 17:14:03
4	果然	guǒrán	as expected	果然，天下雨了。		
2	课	kè	subject/class/lesson		deck#5	due@2026-09-14 20:24:04
3+	课文	kèwén	text	我读课文。	deck#4	due@2026-07-16 17:20:30
4	辣	là	spicy/hot	我们爱辣的。	deck#4	due@2024-09-03 12:29:17
3	关	guān	to close, to turn off		deck#5	due@2026-09-14 18:41:40
3	关系	guānxi	relation/reason/impact	没有关系，你选择。	deck#5	due@2026-09-12 17:37:49
5	关闭	guānbì	to close/shut/turn off	请关闭电视机。		
1	没关系	méiguānxi	it doesn't matter		deck#6	due@2027-06-11 17:03:09
4	联系	liánxì	contact/link/connect (v/n)	请联系医生。/ 你为什么没有保持联系吗？	deck#2	due@2024-07-20 21:58:30
3	关心	guānxīn	to concern/to worry	他不关心财富.	deck#4	due@2026-07-16 17:01:06
3	关于	guānyú	about/regarding	他写了很多关于中国的书。	deck#6	due@2026-08-14 21:22:30
1	没有	méiyǒu	not have	我没有车。	deck#6	due@2026-08-14 21:03:28
1	名字	míngzi	name	你叫什么名字？	deck#6	due@2027-06-06 07:48:14
3	有名	yǒumíng	famous	我的哥哥有名。	deck#6	due@2026-07-03 10:59:44
1	哪	nǎ	which/any/how		deck#6	due@2026-08-14 21:18:17
1	哪儿	nǎ'er	where		deck#6	due@2027-06-11 20:01:08
1	那	nà	that		deck#6	due@2027-08-23 15:28:31
1+	那儿	nà'er	there		deck#6	due@2026-12-09 11:07:43
1	这	zhè	this		deck#6	due@2026-07-03 10:59:08
1+	这儿	zhè'er	here		deck#6	due@2026-07-03 11:02:34
1	呢	ne	a particle used for emphasis in a question		deck#5	due@2026-09-14 18:41:16
1	能	néng	be able to, capable (a), ability (n)	我能帮助你。	deck#6	due@2027-06-11 17:22:02
2	可能	kěnéng	possible, possibility, maybe/possibly		deck#6	due@2026-06-25 21:12:39
1	你	nǐ	you		deck#6	due@2027-06-30 21:08:10
3	口	kǒu	mouth		deck#6	due@2027-06-28 21:41:03
4	入口	rùkǒu	entrance	这是唯一的入口。	deck#6	due@2026-07-03 10:57:56
5	人口	rénkǒu	population	人口正在增长。	deck#6	due@2027-08-24 15:03:31
5	出口	chūkǒu	exit		deck#6	due@2027-06-11 19:17:28
2	门(口)	ménkǒu	door/gate		deck#6	due@2026-08-14 21:07:54
3	只	zhǐ	only, MW for one of a pair	我只认识他。	deck#6	due@2027-01-05 22:06:51
4	只好	zhǐhǎo	have to/be forced to/need to	我没有带钱，只好回去了。	deck#3	due@2024-10-07 17:35:47
4+	品	pǐn	quality/item/product/grade		deck#5	due@2026-09-14 18:33:21
4	食品	shípǐn	food	米饭和面包都是食品。	deck#5	due@2025-10-06 10:46:11
1	年	nián	year	新年快乐！	deck#6	due@2026-07-03 17:37:48
!	车	chē	vehicle/car		deck#6	due@2027-06-11 19:10:12
!	午	wǔ	noon	我下午去图书馆。	deck#5	due@2026-11-26 15:29:12
2	牛	niú	cow	牛有角。	deck#6	due@2026-06-25 21:21:31
4+	牢	láo	pen/prison		deck#2	due@2024-08-13 22:09:56
2	千	qián	one thousand		deck#5	due@2026-09-14 17:02:10
4	千万	qiānwàn	ten million;be sure to;must;in any case	千万别告诉他！		
!	干	gàn	dry/shield/to make/do	我的工作干得很认真。	deck#5	due@2026-09-14 19:16:00
3	干净	gānjìng	clean/neat/tidy	没有干净的盘子。		
5	干燥	gānzào	dry	这里的空气很干燥。	deck#3	due@2026-01-17 21:58:58
4	干杯	gānbēi	drink a toast/cheers		deck#6	due@2027-06-11 18:20:14
4	汗	hàn	sweat	他开始出汗了。	deck#3	due@2024-09-06 17:41:08
!	于	yú	in/from/to		deck#4	due@2024-10-25 20:46:26
4	于是	yúshì	as a result/therefore/consequently	于是，她开始紧张起来。	deck#2	due@2024-08-14 20:54:44
3	半	bàn	half	我想买半个蛋糕。	deck#5	due@2026-09-09 07:48:45
2	羊	yáng	sheep		deck#5	due@2026-09-14 16:47:31
3	一样	yīyàng	same	我的想法和你的不一样。		
4	样子	yàngzi	manner/appearance/looks	我是很紧张的样子。	deck#4	due@2026-07-11 07:49:51
4	看样子	kànyàngzi	it looks as if..		deck#5	due@2026-09-14 20:13:27
3	胖	pàng	fat	他太胖了。	deck#3	due@2024-08-19 15:35:09
4	脏	zāng	dirty	衬衫太脏了。	deck#2	due@2024-08-14 20:49:47
3	瘦	shòu	thin	她太瘦了。/ 瘦了五公斤。	deck#3	due@2024-10-07 17:34:47
4	弄	nòng	do/manage/handle/make/mock	我没弄明白这个笑话。/ 他弄丢了电影票。		
4	养	yǎng	to raise/to bring up/adopt/keep/support	我想养一只够。		
4	挂	guà	connect/hang (up)	地图挂在墙上。	deck#5	due@2026-09-14 19:31:05
4	逛	guàng	stroll/wander/shopping	母亲去了逛到。		
4	棒	bàng	great/fantastic/excellent/stick/club	听起来好棒。	deck#4	due@2026-07-16 19:32:46
1	出租车	chūzūchē	taxi	我们坐出租车吧。	deck#6	due@2026-07-03 17:39:31
1+	汽车	qìchē	car	他有一辆绿色的汽车。	deck#6	due@2027-01-05 22:29:08
1+	火车	huǒchē	train	他坐火车去上班。	deck#6	due@2026-08-14 21:05:38
2	火车站	huǒchēzhàn	train station	火车站在哪里?	deck#6	due@2027-06-11 17:00:23
2	公共汽车	gōnggóngqìchē	public bus	他坐公共汽车去上学。	deck#5	due@2026-09-14 19:57:31
3	自行车	zìxíngchē	bike	我想骑自行车。	deck#6	due@2026-07-03 17:37:33
3+	公共	gōnggòng	public	我不喜歡在公共場合唱歌。	deck#5	due@2026-09-14 18:31:01
4	共同	gōngtóng	common/together	共同的经理	deck#2	due@2024-08-14 20:51:15
3	一共	yīgòng	altogether	一共要多少钱？	deck#5	due@2026-03-14 13:13:06
4+	共产党	gōngchǎndǎng	the Communist Party	他自愿加入中国共产党。	deck#4	due@2026-07-11 07:50:38
!	女	nǚ	woman/female		deck#6	due@2026-08-14 21:15:01
1	女儿	nǚér	daughter	他们的女儿很小。	deck#6	due@2027-06-11 19:58:44
3	安静	ānjìng	quiet/peaceful	房间是安静和干净。	deck#5	due@2026-10-03 21:23:46
4	安全	ānquán	safe/secure/security	安全是重要的。	deck#6	due@2027-06-11 17:14:24
4+	按	àn	according to		deck#3	due@2024-09-06 15:06:52
4	按照	ànzhào	according to/in accordance with	每人做按照自已的性格。		
4	按时	ànshí	on time/on schedule	火车应该按时地离开。	deck#5	due@2026-09-14 17:12:54
1	朋友	péngyou	friend	你是我的朋友。	deck#6	due@2027-01-05 21:48:30
3	明白	míngbai	to understand	我不明白你说什么。	deck#6	due@2026-07-03 11:07:22
4	咱们	zánmen	we/us (inclusive)	咱们去吃饭吧。		
3	用	yòng	to use/ need	用杯子喝啤酒 ; 我不会用汉语说这句话	deck#6	due@2026-08-14 21:06:21
3+	有用	yǒuyòng	useful/helpful	那本书对你可以有用。	deck#6	due@2026-08-14 21:16:38
6	用户	yònghù	user	你要不要成为可信赖用户？	deck#6	due@2026-07-03 10:53:08
4	钥匙	yàoshi	key	我钥匙丢了。	deck#4	due@2026-07-11 08:06:36
5	亮	liàng	bright/clear	房间亮起来了。	deck#4	due@2026-07-16 17:18:23
1	漂亮	piàoliang	good-looking,pretty	你的字写得真漂亮！	deck#6	due@2027-06-30 21:09:37
!	戈	gē	weapon/axe		deck#2	due@2024-08-14 20:58:36
5	代表	dàibiǎo	to represent/representative/signifies	绿色代表希望。		
5	代替	dàitì	to replace/substitute/instead	电视代替了收音机。		
5	现代	xiàndài	modern/in modern times	现代的人想法不同。		
1	我	wǒ	I,me	我不是中国人。	deck#6	due@2026-07-03 11:00:17
1	钱	qián	money	那是公司的钱。	deck#6	due@2027-06-11 17:00:13
2	找	zhǎo	to search	我们去找人帮忙吧。	deck#6	due@2027-08-23 15:26:49
2+	找到	zhǎodào	to find	我要找到我的钥匙。	deck#6	due@2026-08-14 21:23:40
3	饿	è	hungry	蛋糕？我突然又饿了！	deck#6	due@2025-11-04 22:12:17
3+	俄国	éguó	Russia	俄国开始了战争。	deck#6	due@2026-07-03 10:56:01
6	武器	wǔqì	weapon	把那件武器给我。		due@2024-07-13 12:03:29
1	请	qǐng	ask/request,invite	请给我一杯咖啡。	deck#6	due@2027-06-30 21:08:26
2	晴	qíng	fine (mostly weather)	今天的天气很晴	deck#5	due@2025-10-06 11:07:19
3	清楚	qíngchu	clear, understand (v)	她说得很清楚。	deck#5	due@2026-03-14 11:07:16
2+	情	qíng	feeling,kindness,passion,love		deck#5	due@2026-09-14 19:46:15
4	爱情	aìqíng	love	她不喜欢爱情故事。	deck#5	due@2026-09-09 07:50:52
4	心情	xīnqíng	mood/frame of mind	大家的心情都很好。	deck#3	due@2026-01-17 21:47:26
2	事情	shìqíng	matter/event/business/thing	安全是最重要的事情。	deck#6	due@2026-08-14 21:23:13
4	感情	gǎnqíng	feeling/emotion	我不能表示我的感情。	deck#4	due@2026-07-16 20:21:41
4	邀请	yāoqíng	to invite	我邀请你。		due@2024-07-19 22:14:35
4	情况	qíngkuàng	situation	情况可能有变。	deck#3	due@2024-11-16 21:49:38
4	精彩	jīngcǎi	wonderful/brilliant	我读了一篇精彩的爱情故事。	deck#2	due@2024-08-14 21:01:12
4	猜	cāi	guess	我猜出来了，她有没有孩子。		due@2024-07-21 20:16:44
3	故事	gùshi	story	给我讲个好故事	deck#5	due@2026-09-09 07:36:11
4	故意	gùyì	deliberately/intentional/on purpose	他故意弄碎了那个窗户。		
4	建议	jiànyì	propose	他提建议：他建议不这样做。	deck#3	due@2024-09-06 14:52:03
5	建设	jiànshè	build	他们建设新的剧院。	deck#2	due@2024-08-13 22:05:44
5	建筑	jiànzhù	build/construct/building/architecture	我很好奇那个建筑物是什么时候建造的。		due@2024-07-13 20:14:02
1	热	rè	hot/warm	今天天气很热。	deck#6	due@2027-06-11 18:49:06
3	热情	rèqíng	passion (n), kind/warm (a), enthousiastic (a)	你真是太热情了。	deck#4	due@2026-02-09 21:25:25
4	热闹	rènao	lively/bustling	这个城市很热闹	deck#4	due@2026-07-16 16:48:42
1	去	qù	to go / past (a)	去年我去了中国。	deck#6	due@2025-11-04 21:52:39
4	丢	diù	to lose/throw away	我钥匙丢了。	deck#4	due@2026-09-27 15:15:23
4	却	què	but/yet/however	我同意了，她却不同意了。	deck#4	due@2026-07-16 19:30:00
2	出	chū	to exit / go out		deck#6	due@2025-09-25 22:07:51
3	山	shān	mountain	上周末我爬山去了。		
5	击	jī	strike/hit/beat/attack/fight/blow	停止射击! / 攻击！/ 不要点击那个链接。		
6+	点击	diǎnjī	to hit/press/click/strike (a button/key)	不要点击那个链接。		
1	人	rén	person/people	我不是美国人。	deck#6	due@2026-07-03 10:57:52
1	认识	rènshi	to know (connaître)	他们认识你吗？	deck#6	due@2026-08-14 21:24:01
3	认为	rènwéi	to think	我认为你说得对。	deck#6	due@2027-06-11 16:58:10
3	认真	rènzhēn	serious	他很认真学习。	deck#6	due@2027-06-11 18:17:40
6	认可	rènkě	endorse/approve			due@2024-07-29 17:23:19
4	各	gè	each/every/particular	人各有理想。	deck#5	due@2026-09-14 17:09:48
5	各自	gèzì	each (their own)	请回到你们各自的座位。	deck#3	due@2024-10-07 17:24:40
6+	各种	gèzhǒng	of various kinds	她喜欢各种书。	deck#4	due@2026-07-16 17:17:51
3	客人	kèrén	guest, customer	你有没有客人？	deck#6	due@2026-07-03 10:51:10
4	客厅	kètīng	living room	新家的客厅很大。	deck#4	due@2026-07-16 18:50:53
6	客户	kèhù	customer	银行有很多客户。	deck#3	due@2026-01-17 22:56:09
5+	客气	kèqi	polite	不客气，没有问题。	deck#5	due@2026-09-09 07:40:50
4+	旅客	lǚkè	traveller/tourist		deck#3	due@2024-08-19 15:55:18
4	乘客	chéngkè	passenger	三十个乘客死了。	deck#4	due@2026-09-28 14:59:41
4	乘坐	chéngzuǒ	to ride a vehicle	我喜欢乘坐火车。	deck#3	due@2024-09-06 15:02:05
4	价格	jiàgé	price	那个价格太高了！		
5	价值	jiàzhí	worth/value	我们不能高估健康的价值。		
2	介绍	jièshào	to introduce	我给你介绍我的朋友。	deck#6	due@2026-08-14 21:16:15
4	桥	qiáo	bridge	那座桥不够宽。	deck#4	due@2026-08-04 21:16:53
4	假	jiǎ;jià	false/artificial/if/borrow;vacation	他的报告是假的。/ 下周我去度假。	deck#4	due@2026-07-16 19:38:03
4	骄傲	jiāo'ào	pride/proud/arrogance	我们的孩子是我们的骄傲。		due@2024-07-20 20:47:16
1	三	sān	three	一，二，三	deck#6	due@2027-01-05 21:50:35
1	上	shàng	go up/on/last		deck#6	due@2026-07-03 11:03:07
1	上午	shàngwǔ	morning	我在上午工作。	deck#5	due@2026-09-14 19:48:30
2	晚上	wǎnshàng	evening	我在晚上不工作。	deck#6	due@2026-08-14 21:06:22
2	上班	shàngbān	go to work	你几点上班？	deck#6	due@2026-07-03 10:56:30
2	件	jiàn	MW for things, clothes, and items	这件衣服很好看。	deck#6	due@2026-08-14 21:24:19
1	谁	shéi	who/someone	你是谁？	deck#6	due@2027-06-11 17:00:02
2	准备	zhǔnbèi	to prepare	我需要准备几个杯子?	deck#5	due@2026-09-14 18:45:51
5	准时	zhǔnshí	on time	火车准时到了。		due@2023-12-22 13:41:37
4	准确	zhǔnquè	precise/accurate	他很准确地说	deck#3	due@2024-10-06 21:41:24
5	唯一	wéiyī	only/sole	这是我们唯一的机会。	deck#3	due@2024-09-06 14:56:48
4+	推	tuī	to push/shove/refuse			
4	推迟	tuīchí	to postpone/put off	我们推迟了会议。		
5	推广	tuīguǎng	to extend/spread/popularize/promote	他们正在推广一项环保运动。		
4	正确	zhèngquè	correct/proper	你的回答是正确的。	deck#3	due@2024-10-02 20:41:06
2	往	wǎng	to go (in a direction); towards; in the past	请往前走。/ 他不往右转了。	deck#5	due@2026-10-03 21:15:25
1	什么	shénme	what/something/anything	你现在做什么？	deck#6	due@2026-08-14 21:08:30
2	为什么	wèishénme	why	为什么你不爱我？	deck#6	due@2027-06-11 17:06:24
1	十	shí	ten		deck#6	due@2027-06-30 21:08:27
！	土	tǔ	soil/ground/land		deck#5	due@2026-09-14 19:51:50
！	士	shì	soldier/scholar		deck#5	due@2026-09-14 19:37:35
4	压力	yālì	pressure/burden/stress	我总是觉得压力很大。	deck#3	due@2024-08-19 22:05:56
！	心	xīn	heart		deck#6	due@2027-01-05 21:43:43
3	必须	bìxū	must	你必须等这儿。	deck#4	due@2026-09-27 15:26:46
4	心里	xīnlǐ	heart/soul/mental state	我们要有健康的心里。		due@2024-11-09 22:23:14
1	是	shì	to be		deck#6	due@2027-06-09 17:37:51
2	走	zǒu	to walk/go	他必须得走  .	deck#6	due@2027-06-11 16:47:26
!	足	zú	foot	我踢足球。	deck#4	due@2024-09-03 20:08:05
4	不足	bùzú	lack/insufficient/not enough	食品不足	deck#4	due@2026-07-16 18:33:59
3	一定	yīdìng	certainly	他一定来。	deck#6	due@2026-08-14 21:12:09
4	肯定	kěndìng	to be sure/certain/approval	他肯定来。	deck#4	due@2026-07-16 19:36:57
!	起	qǐ	to rise/form		deck#6	due@2026-07-03 17:32:05
2	一起	yìqǐ	together, the same place	我们一起玩吧。	deck#6	due@2025-09-24 21:21:32
3+	起立	qǐlì	to stand up	请起立！	deck#5	due@2026-10-03 21:06:33
2+	起来	qǐlái	to get up/(begin/continue)	中文学起来容易吗？	deck#5	due@2026-09-14 19:31:23
2	起床	qǐchuáng	to get out of bed		deck#6	due@2026-08-14 21:04:17
3	起飞	qǐfēi	take off (flying)	飞机十分钟后起飞。	deck#6	due@2026-07-03 10:56:34
1	对不起	duìbùqǐ	sorry	对不起，我错了。	deck#6	due@2027-06-11 19:34:50
3	越	yuè	even more; the more; exceed	你看的书越多，你知道的越多。		
4	挺	tǐng	rather/pretty/very/straighten up	写汉字是挺复杂的。	deck#2	due@2024-07-20 22:26:08
!	立	lì	stand/upright/immediately	起立！	deck#4	due@2026-07-11 07:29:51
3	站	zhàn	to stand/station	请你站在我后面。	deck#5	due@2026-09-14 20:14:15
3	位	wèi	MW for people	我喜欢这位歌手。	deck#6	due@2026-07-03 10:50:20
4	拉	lā	pull/drag/transport/help/play (string instruments)	他拉开了门。		
4	垃圾	lājī	garbage	夏天气温高，应该每天倒垃圾。		
3	接	jiē	receive/connect/catch/pick up	我会去接他们。	deck#3	due@2024-08-19 21:37:22
4	倍	bèi	double/times	他的工资是我的两倍。	deck#4	due@2024-10-30 17:46:57
4	陪	péi	go with/accompany/assist	我陪她散步。	deck#2	due@2024-08-13 21:51:05
3	接受	jiēshòu	accept/receive	你会接受这份工作吗？	deck#3	due@2024-08-19 15:44:58
!	文	wén	writing		deck#6	due@2025-11-06 19:25:13
1	书	shū	book (n), letter (n)	我买了一本书。	deck#6	due@2027-06-11 17:04:49
1	说	shuō	to say/speak	我会说英语。	deck#6	due@2026-12-09 13:05:24
2	说话	shuōhuà	to talk/to chat	我跟你说话。	deck#6	due@2027-06-11 20:01:05
4	说明	shuōmíng	to describe/show/illustrate/explain/explanation	图的下面有说明。	deck#4	due@2026-09-27 15:29:02
4	脱	tuō	to take off/escape	他把衬衫脱了。	deck#2	due@2024-08-07 22:17:23
2	告诉	gàosù	to tell	告诉我你多大了。	deck#6	due@2026-07-03 10:54:28
!	舌	shé	tongue		deck#5	due@2026-09-14 18:27:32
!	活	huó	live/life	我知道我们活着。	deck#6	due@2027-06-30 21:10:26
!	话	huà	speech/talk/words	他从来不说话。	deck#6	due@2027-06-11 20:00:58
4	适合	shìhé	to suit/to fit	她很适合当护士。	deck#4	due@2026-02-09 22:29:58
4	合适	héshì	suitable	她很合适的护士。	deck#5	due@2026-11-26 15:28:23
4	适应	shìyìng	to adapt/to suit/to get accustomed	他对新房子适应了。		due@2024-07-20 21:06:33
3+	刮	guā	shave/scrape/blow (wind)	我刮胡子的时候，刮了很大风。	deck#4	due@2026-07-16 17:07:05
3	刮风	guāfēng	wind blows	今天刮风。	deck#5	due@2026-09-14 19:51:41
1	岁	suì	years old	我32岁	deck#6	due@2026-07-03 10:54:08
4	死	sì	to die; dead;	他出生前，他父亲就死了。	deck#6	due@2026-08-14 21:24:04
4	梦	mèng	dream	我在梦里见你。	deck#5	due@2026-09-14 17:13:06
5	梦想	mèngxiǎng	dream	梦想能让人疯狂。	deck#4	due@2024-12-11 19:15:06
3	碗	wǎn	bowl	你有没有汤碗？	deck#5	due@2025-10-06 10:47:16
2	也	yě	also	我也不知道。	deck#6	due@2026-07-03 10:58:23
3	世界	shìjiè	world	我也知道，世界上都是疯子。	deck#5	due@2026-11-26 15:17:58
4	世纪	shìjì	century	一百年叫做一个世纪。	deck#4	due@2026-07-16 20:23:52
1	他	tā	he	他很帅。	deck#6	due@2026-06-25 21:07:17
1	他们	tāmen	they		deck#6	due@2026-08-14 21:23:02
1	她	tā	she		deck#6	due@2026-07-03 17:37:38
2	它	tā	it		deck#6	due@2025-09-24 21:22:20
3	地	de	particle			
3	地	dì	place,land,earth,location		deck#6	due@2027-06-11 17:21:34
3	地方	dìfang	place,location,room	那是个好地方吗？	deck#5	due@2026-09-12 17:39:44
3	地图	dìtú	map	这张地图很大。	deck#5	due@2026-09-14 17:10:12
5	地区	dìqū	district/area	这是一个产苹果的地区。	deck#3	due@2026-01-17 21:45:14
4	地址	dìzhǐ	address	我下了班，给你我我的地址。		due@2024-07-19 22:17:08
5	地震	dìzhèn	earthquake	地震随时都可能发生。		
1	听	tīng	to listen	我听人们唱歌。	deck#6	due@2026-08-14 21:08:08
1	听到	tīngdào	to hear	我听到有人在唱歌。	deck#6	due@2027-06-30 21:11:00
4	厅	tīng	hall	这个大厅可以容纳5000个人。	deck#3	due@2024-10-07 22:08:22
4	所有	suǒyǒu	all/to possess/to have	所有的人	deck#5	due@2026-09-14 17:18:29
1	喂	wéi	hello (on phone)		deck#5	due@2026-09-14 19:47:25
1	五	wǔ	five		deck#6	due@2026-08-14 21:05:36
1	喜欢	xǐhuan	to like		deck#6	due@2027-08-23 15:18:19
1	下	xià	down/under/last		deck#6	due@2026-08-14 21:13:51
1	下午	xiàwǔ	afternoon	下午我不在家。	deck#6	due@2027-06-06 07:28:59
1	下雨	xiàyǔ	rain (v)	下了很大的雨	deck#6	due@2027-06-11 17:14:07
2	一下	yíxià	for a bit/a moment/at once	我要去卫生间一下。	deck#6	due@2026-07-03 10:58:33
4	无	wú	without/no/not		deck#5	due@2026-11-26 15:13:42
4+	无视	wúshì	ignore/disregard	每个人都无视他。		due@2024-07-20 21:12:38
4	无论	wúlùn	no matter what	无论怎么样，我都要去。	deck#2	due@2024-08-13 21:56:51
4	无聊	wúliáo	boring/bored/nonsense/stupid	他的新电影很无聊。	deck#3	due@2024-09-06 15:03:20
3	先	xiān	earlier/late/first		deck#6	due@2026-07-03 11:05:11
1	先生	xiānsheng	mister		deck#6	due@2027-06-11 17:06:58
6	先进	xiānjìn	advanced	这个国家的经济很先进。	deck#4	due@2026-09-28 15:05:51
6	先前	xiānqián	before/in the past		deck#3	due@2024-09-06 17:43:12
3	选择	xuǎnzé	to choose/choice	你自己选择了这份工作，是吗？	deck#5	due@2026-09-14 16:58:20
1	学生	xuésheng	student	他是很好的学生。	deck#6	due@2027-06-11 17:00:42
2	生日	shēngrì	birthday	生日快乐！	deck#6	due@2026-08-14 21:13:39
4	生活	shēnghuó	life/live	我有一个忙得生活。	deck#6	due@2027-06-11 19:47:17
2	生病	shēngbìng	get ill/sick	因为她生病了，所以她会去医院。	deck#6	due@2026-08-14 21:16:25
3	生气	shēngqì	get angry	塔生气了。	deck#5	due@2026-09-14 16:59:18
4	生意	shēngyì	business/trade	他有一笔生意	deck#2	due@2024-08-14 21:03:02
4	出生	chūshēng	to be born	你是在哪儿出生的？	deck#6	due@2027-06-28 21:41:09
1	医生	yīshēng	doctor	医生在医院工作。	deck#6	due@2027-06-11 18:48:04
1	医院	yīyuàn	hospital	医生在医院工作。	deck#6	due@2026-07-03 10:45:33
4	任何	rènhé	any/whatever	没有任何干净的盘子。	deck#4	due@2026-07-16 19:54:57
4	任务	rènwù	assignment/mission/task	我认真地完成了那个任务。	deck#2	due@2024-08-14 20:59:50
4	卫生	wèishēng	hygiene/health	这样做不很卫生。	deck#5	due@2026-09-09 07:32:23
4	卫生间	wèishēngjiān	restroom	我要去卫生间一下。		
4	至少	zhìshǎo	at least	他至少应该在屋子打扫。	deck#4	due@2024-10-29 21:29:06
5	充分	chōngfèn	full/abundant	今晚我们有充分的时间。		
6	充当	chōngdāng	to serve as/to act as/play the role of	我为你充当导游。		
4	允许	yǔnxǔ	to permit/permission/allow	这里允许拍照吗？	deck#2	due@2024-08-07 22:37:46
2	药	yào	medicine	他吃了药。	deck#4	due@2026-07-16 17:11:18
4	大约	dàyuē	approximately/probably	我走了大约一公里。	deck#3	due@2024-10-07 17:33:05
4	节约	jièyuē	to save (money etc)/frugal	买贵药品不节约。		
4	约	yuē	to make an appointment		deck#3	due@2024-10-02 20:41:26
4	约会	yuēhuì	appointment/date	我在四点和她有个约会。	deck#4	due@2026-07-11 07:40:14
2	因为	yīnwèi	because	因为她病了，她不在。	deck#6	due@2026-08-14 21:18:25
4	因此	yīncǐ	therefore/thus/as a result	她经常去看牙医，因此很少牙疼。		
3+	困	kùn	sleepy	因为我不睡了觉，所以我很困。	deck#3	due@2026-01-17 22:00:18
3+	园	yuán	garden/park	我们去了公园玩。	deck#6	due@2026-07-03 11:00:29
1	想	xiǎng	think, want to		deck#6	due@2026-08-14 21:22:01
4	箱子	xiāngzi	box	这个箱子里面是旧的东西。	deck#4	due@2026-09-27 15:23:17
4	好像	hǎoxiǎng	as if; seem to be	你看起来好像很生气。	deck#6	due@2027-06-11 17:05:56
4	印象	yìnxiǎng	impression	我对他的印象很好。		due@2024-07-20 21:06:13
5	思想	sīxiǎng	to think/thought/idea	我试试思想。	deck#5	due@2026-04-10 21:46:34
2	意思	yìsi	meaning/idea/interest	我不理解你的意思。	deck#6	due@2027-01-05 22:16:18
3+	有意思	yǒuyìsi	interesting	音乐很有意思。	deck#6	due@2027-01-05 21:27:52
4	意见	yìjiàn	opinion/objection	按我的意见..	deck#3	due@2026-01-17 21:50:34
5	意外	yìwaì	unexpected	军队意外地被攻击了。	deck#2	due@2024-08-14 20:49:16
4	原因	yuányīn	reason	我不知道原因。	deck#5	due@2026-09-14 16:58:57
4	原来	yuánlái	original/all along	他爷爷原来是财主	deck#5	due@2026-11-26 15:19:12
4	原谅	yuánliàng	forgive/excuse/pardon	这个错误不能原谅。		
3	愿意	yuànyì	be willing/ready/want to	你愿意和我跳舞吗？	deck#5	due@2026-09-14 18:31:55
5	自愿	zìyuàn	voluntary	他自愿加入中国共产党。	deck#4	due@2026-07-16 19:06:16
5	思考	sīkǎo	think (cognitive process)	我现在几乎不能够思考。	deck#4	due@2026-09-28 15:06:11
3	注意	zhùyì	be careful/pay attention	我知道他在注意我。	deck#5	due@2026-09-14 20:04:35
4	主意	zhǔyi	plan/idea/decision	这是一个好主意。	deck#3	due@2026-01-17 22:31:18
1	小	xiǎo	small		deck#6	due@2026-08-14 21:18:26
1	小姐	xiǎojiě	miss		deck#6	due@2026-08-14 21:11:21
2	小时	xiǎoshí	hour	我在火车上待了十多小时。	deck#6	due@2026-06-25 21:02:29
4	小说	xiǎoshūo	novel		deck#5	due@2026-09-09 07:45:23
5	小学	xiǎoxué	school	他儿子在小学玩玩。	deck#6	due@2027-01-05 21:26:13
3	小心	xiǎoxīn	careful	你应该要更小心。	deck#6	due@2027-06-11 17:07:47
1	少	shǎo	few/little		deck#6	due@2025-11-04 22:10:55
5	吵	chǎo	noisy/quarrel	这儿太吵了！	deck#2	due@2024-08-07 22:14:34
5	吵架	chǎojià	quarrel/squabble	他们俩又在吵架了。		
5	抄	chāo	copy/plagiarize			
5	沙滩	shātān	beach	我喜欢在沙滩上躺。	deck#6	due@2026-08-14 21:22:42
4	沙发	shāfā	sofa	我常常在沙发躺。	deck#4	due@2026-07-11 07:42:28
4	妙	miǎo	second (unit)	一分钟有六十妙。	deck#3	due@2024-09-06 14:44:44
1	些	xiē	some/a little (MW)	我想要一些纸。	deck#6	due@2027-06-11 16:47:13
4	与	yǔ	and	好与坏		
1	写	xiě	to write	我写了一本书。	deck#6	due@2027-06-11 16:49:12
1	谢谢	xièxiè	thanks	谢谢你	deck#6	due@2027-06-11 17:09:30
1+	星	xīng	star	那儿的小星星是所有星星里最亮的。	deck#6	due@2026-08-14 21:09:41
1	星期	xīngqī	week	这个星期我很忙。	deck#6	due@2027-08-23 15:13:52
5	期间	qījiān	period	她休假期间花了一大笔钱。		
5	期待	qīdài	look forward to/await/expect	他又在期待着冬天到来了。	deck#2	due@2024-08-13 22:02:06
5	过期	guòqī	to expire/overdue	如果签证过期，你就必须离开中国。		
！	周	zhōu	circle/week	我们下周有一场重要的考试。	deck#5	due@2026-09-14 19:51:32
3	周末	zhōumò	weekend	周某都很忙。	deck#3	due@2024-10-07 17:29:42
3	周围	zhōuwéi	vicinity/environment	周围很安静。	deck#2	due@2024-08-13 21:58:20
4	调查	diàochá	investigate/investigation	他们调查原因。	deck#3	due@2024-10-02 20:23:21
4	范围	fànwéi	scope/range/limits/extent	这份工作在我能力范围之外.		
5	围巾	weíjīn	scarf/shawl	你为什么戴那条围巾？		
1	一	yī	one		deck#6	due@2026-07-03 10:58:34
1	一点儿	yìdiǎnr	a little bit/some	我会说一点儿汉语。	deck#6	due@2027-01-05 21:50:12
2	第一	dìyī	first	我第一次明白你说什么。	deck#6	due@2025-09-25 21:55:08
5+	牙	yá	tooth	农民的牙疼。	deck#3	due@2024-08-19 15:50:02
1	衣服	yīfu	clothes	她穿漂亮的衣服。	deck#5	due@2026-09-14 19:29:40
5++	农场	nóngchǎng	farm	他全家都在农场工作。	deck#5	due@2026-09-14 19:49:01
4	农村	nóngcūn	countryside	爷爷住在农村。	deck#4	due@2026-07-16 18:48:22
2	穿	chuān	to wear/to dress/put on	她穿漂亮的衣服。	deck#5	due@2026-09-14 17:18:04
4	戴	dài	put on/wear (glasses/hat/gloves)/support/respect	你为什么戴那条围巾？		
6	袭击	xíjī	attack (by surprise)	我们被暴风雨袭击了。		due@2024-06-23 20:03:32
!	求	qiú	request/demand		deck#4	due@2026-07-16 17:13:20
4	要求	yāoqiú	request/demand	他要求我马上付钱。		due@2023-12-22 21:55:33
3+	球	qiú	ball/sphere	球是圆的。	deck#5	due@2026-10-03 21:17:45
4+	足球	zúqiú	football		deck#5	due@2026-09-14 19:03:47
4+	篮球	lánqiú	basketball		deck#5	due@2026-09-14 18:46:05
5	录	lù	to record/dairy/to hit/copy/write down	这是三月了份录的。		due@2024-07-13 19:13:46
5	记录	jìlù	to record/to take notes	她把每一样买了的东西都记录起来。	deck#2	due@2024-08-13 21:47:22
1	桌子	zhuōzi	table	桌子下面有一只猫。		
1	有	yǒu	to have	我有一个妹妹。	deck#6	due@2026-08-14 21:06:31
1	月	yuè	moon/month		deck#6	due@2026-07-03 10:57:16
3	月亮	yuèliàng	moon	太阳比月亮大。	deck#4	due@2024-09-29 14:41:01
2	再	zài	again/then/until		deck#6	due@2027-06-11 17:08:40
1	再见	zàijiàn	goodbye		deck#6	due@2027-01-05 21:25:44
1	在	zài	at	我在家。	deck#6	due@2027-08-23 15:14:33
1	住	zhù	live	我住在这里。	deck#6	due@2026-07-03 11:04:11
!	主	zhǔ	master/main/owner/host		deck#4	due@2024-10-30 17:35:52
3	主要	zhǔyào	major/main (a)		deck#4	due@2026-07-16 19:53:03
4	主意	zhǔyì	idea/plan/decision			
1	怎么	zěnme	how	他们是怎么认识的？	deck#6	due@2026-07-03 10:52:26
1	怎么样	zěnmeyang	how	生活怎么样？	deck#6	due@2026-08-14 21:08:32
1	字	zì	character		deck#6	due@2025-09-24 21:22:22
3	词	cí	word	这个词有两种意思。	deck#6	due@2026-07-03 10:54:43
3	句子	jùzi	sentence	如果我不明白一个句子，我不能翻译。	deck#6	due@2026-08-14 21:06:30
4	语言	yǔyán	language	他会讲十门语言。	deck#6	due@2026-08-14 21:22:47
？	信	xìn	letter (n), to believe (v)		deck#5	due@2026-11-26 15:25:39
4	信任	xìnrèn	to trust somebody/trust	我很信任我的朋友。	deck#4	due@2026-07-16 18:29:57
4	信心	xìnxīn	confidence/faith	我对自己很有信心。		
3+	英语	yīngyǔ	English	他说英语。	deck#6	due@2026-12-09 11:08:59
5	英雄	yīngxióng	hero	他梦想着成为一名英雄。		due@2024-07-19 22:11:12
3+	法语	fǎyǔ	French	他说法语。	deck#6	due@2026-12-09 11:07:07
4	语法	yǔfǎ	grammar	汉语语法不很难学。	deck#5	due@2025-10-06 17:34:54
3	文化	wénhuà	culture	在我们的文化中,他很奇怪的人。	deck#6	due@2027-06-06 07:40:24
3	变化	biànhuà	change (v/n)	社会在变化。	deck#5	due@2026-09-09 07:39:18
4	改变	gǎibiàn	to change/transform	我们改变了世界。	deck#4	due@2026-07-11 07:30:31
3	花	huā	flower/spent(v)	我买了花。花了二十元。	deck#6	due@2027-06-11 17:06:22
3+	华	huá	magnificent,prosperous,grey,Chinese		deck#3	due@2024-10-06 21:39:41
4	毕业	bìyè	to graduate/graduation	毕业后，我打算留在国内读博士。		
4	货	huò	goods/wares	现代很多的货物都由飞机运送。	deck#4	due@2026-07-16 18:33:44
1	坐	zuò	to sit	你在这把椅子坐吧。	deck#6	due@2026-08-14 21:06:13
4	座	zuò	seat/MW for bridges, buildings and cities	这座大楼是我的房子。	deck#5	due@2026-09-14 17:11:41
4	座位	zuòwèi	seat	这个座位空着吗？	deck#6	due@2026-08-14 21:24:09
1	做	zuò	to do/make	你做什么？	deck#6	due@2026-08-14 21:08:12
2	就	jiù	then, just;only; at once	你一回到家就打电话给我。	deck#6	due@2027-01-05 21:46:54
&	就是	jiùshì	exactly, really, only, even if		deck#4	due@2026-07-14 17:39:06
2	要	yào	want/should/need		deck#6	due@2027-06-11 19:00:04
3	需要	xūyào	need	他不需要女朋友。他需要找到男朋友。	deck#5	due@2026-09-14 18:17:49
4	只要	zhǐyào	so long as/provided that	你只要问他，他就会告诉你。	deck#3	due@2024-10-06 21:37:36
4	要是	yàoshì	if		deck#5	due@2026-10-03 21:05:02
2	知道	zhīdào	to know	我真的不知道	deck#6	due@2026-07-03 10:52:24
4	知识	zhīshi	knowledge	我关于日语的知识掌握得还不是很好。	deck#5	due@2026-09-14 17:06:37
3	街道	jiēdào	street	那街道非常吵。	deck#4	due@2026-07-11 07:36:27
4	道歉	dàoqiàn	apologize	我为昨天发生的事道歉。	deck#2	due@2024-08-14 21:00:34
3	楼	lóu	building		deck#5	due@2026-09-14 19:16:26
2	吧	ba	suggestion particle	我们去商店吧。	deck#6	due@2025-09-21 19:53:24
3	把	bǎ	hold/take (also shifts obj before verb)	我把面包吃完了。		
3	爬上	páshàng	climb	猴子爬上了树。	deck#6	due@2026-08-14 21:16:28
4	导游	dǎoyóu	guide	我为你充当导游。		
6	导航	dǎoháng	navigation			
2	对	duì	correct, towards，yes		deck#6	due@2026-07-03 10:50:23
4	村子	cūnzi	village	我住在一个村子。	deck#5	due@2026-10-03 21:15:31
3	讨厌	tǎoyàn	to hate/dislike/disgusting	我讨厌我的邻居。	deck#2	due@2024-08-14 20:55:53
3	讨论	tǎolùn	discuss/discussion	这问题正在被讨论。	deck#4	due@2026-07-16 17:13:45
6	评论	pínglùn	comment/review	欢迎作任何评论。		due@2024-07-20 20:58:59
5	评价	píngjià	evaluate/assess/evaluation/assessment	老板对你的工作有很高的评价。		
5	议论	yìlùn	discuss/talk		deck#2	due@2024-08-13 21:37:04
&	付	fù	hand over/pay	我想付现金。	deck#6	due@2026-08-14 21:25:19
4	付钱	fùqián	to pay	他付了钱。	deck#6	due@2027-08-23 15:21:29
4	付款	fùkuǎn	to pay	我想用信用卡付款。	deck#2	due@2024-08-14 21:06:01
2	过	guò	past/completion participle		deck#6	due@2026-08-14 21:13:49
3	过去	guòqù	the past		deck#6	due@2027-06-30 21:15:38
4	衬衫	chènshān	shirt	他把衬衫脱了。	deck#3	due@2024-09-06 14:36:20
&	计	jì	calculate		deck#5	due@2026-09-14 19:34:44
5	计算	jìsuàn	calculate/plan/scheme	他计算费用。	deck#4	due@2024-12-09 22:22:00
4+	计算机	jìsuànjī	computer	我对计算机很感兴趣.	deck#4	due@2026-07-11 07:33:38
4	计划	jìhuà	plan/project/program (n/v)	这是谁做的计划？	deck#4	due@2026-09-28 15:04:01
4	叶子	yèzi	leaf	一片叶子正在掉下来。	deck#5	due@2026-09-14 17:07:43
4	森林	sēnlín	forest	森林里的动物很多。	deck#4	due@2026-07-16 17:15:56
1	杯子	bēizi	cup/glass	哪个杯子是你的？ 桌子上有两各杯子。	deck#6	due@2027-06-28 21:41:27
4	怀疑	huáiyí	doubt/suspect	我怀疑你的于是。我怀疑他知道多一点儿。		due@2024-07-21 20:15:35
5	怀孕	huáiyùn	be pregnant	我怀孕了！		due@2024-07-21 20:16:17
2	还	hái	still/yet	我还在看。	deck#6	due@2027-06-11 19:58:13
3	还是	háishi	or	你喜欢喝茶还是喝咖啡？	deck#6	due@2027-06-11 17:19:00
3	还	huán	to return, to repay	我把他的书还给了他。	deck#5	due@2026-09-14 17:07:55
6	还原	huányuán	restore/reduce			due@2024-07-19 21:36:46
3	坏	huài	bad/broken/spoilt	他说汉语说得很坏。	deck#4	due@2024-09-29 17:51:42
3	环境	huánjìng	environment/surroundings	吃肉对环境不好。	deck#3	due@2026-01-17 21:23:28
4	镜子	jìngzi	mirror	她站在镜子前。		due@2024-07-21 20:15:46
2	让	ràng	let,by (prep, spanish por)	让我帮助你们	deck#6	due@2027-06-06 07:35:32
2	给	gěi	give	我给你一个杯子茶。	deck#6	due@2027-06-11 19:19:31
2	得	děǐ	must/need to;		deck#6	due@2027-08-23 15:17:49
2	得	de	complement particle		deck#6	due@2026-06-25 21:02:18
4	得到	dédào	to get/obtain/receive	他们的英国水平得到了很大的提高。	deck#4	due@2024-10-30 21:57:16
2	真	zhēn	real/true	我真的冷。		
4	真正	zhēnzhèng	true	我们是真正的朋友。	deck#4	due@2026-07-16 19:50:14
4	具	jù	tool/device/utensil/equipment/instrument	工具，玩具，刀具	deck#3	due@2026-01-17 21:45:31
4	家具	jiājù	furniture	房子里家具真的太多了。	deck#4	due@2026-07-16 20:04:19
4+	填	tián	to fill (forms/gaps)	他真的填写了这份表格。		
!	止	zhǐ	stop/end/only		deck#4	due@2024-10-30 17:38:41
!	正	zhèng	straight/upright		deck#4	due@2026-07-16 18:44:05
4	正式	zhèngshì	official/formal	他试找到正式的工作。	deck#3	due@2024-09-06 15:00:04
4	正常	zhèngcháng	normal	现在一切正常了。	deck#3	due@2024-08-20 20:45:30
4	正好	zhènghǎo	just right; happen to/by chance	电话来的时候我正好在外面。	deck#2	due@2024-08-07 22:20:05
4	证明	zhèngmíng	to prove/proof/testify/certificate	我没有出生证明。	deck#2	due@2024-08-07 22:16:32
5	政府	zhèngfǔ	government	是政府的错误	deck#3	due@2024-09-06 14:39:12
4	禁止	jìnzhǐ	forbid/prohibit	政府禁止关于战争报告。	deck#3	due@2024-09-06 17:54:45
&	吸烟	xīyān	to smoke			due@2024-07-20 20:56:41
3	声音	shēngyīn	voice/sound	他听到了声音。	deck#6	due@2027-08-23 15:18:04
5	声调	shēngdiào	tone	她声调突然变了。	deck#4	due@2026-09-27 15:23:24
3	音乐	yīnyuè	music	他很喜欢音乐。	deck#6	due@2027-01-05 22:24:38
4	普遍	pǔbiàn	common/commonly	法国人普遍很热情。	deck#4	due@2026-07-11 07:46:50
4	遍	biàn	a time/a turn/everywhere/MW for times and turns			
4	篇	piān	MW for texts	一篇文章。	deck#3	due@2024-10-02 20:23:44
4+	普通	pǔtōng	common/ordinary	我儿子是个普通的孩子。	deck#4	due@2026-07-16 18:21:20
3	普通话	pǔtōnghuà	Mandarin	你会说普通话吗？	deck#6	due@2026-08-14 21:19:39
4	暗	àn	dark/darkness	这个颜色太暗了。	deck#3	due@2024-09-06 17:55:05
5	首	shǒu	head/leader/first		deck#4	due@2026-07-16 17:00:17
4	首先	shǒuxiān	first/to begin with	首先，请让我介绍我的妻子。	deck#4	due@2026-07-16 19:35:04
2	可以	kěyǐ	possible	你们可以进来。	deck#6	due@2027-06-09 17:39:52
2	所以	suǒyǐ	so/therefore	我病了，所以没有上班。	deck#6	due@2026-07-03 11:02:43
3	以前	yǐqián	before (temporal)	他三点以前不在家。	deck#6	due@2027-06-11 17:21:37
&	以后	yǐhòu	after (temporal)	你放学以后作什么？	deck#6	due@2026-08-14 21:18:00
4	以为	yǐwèi	to think  (mistakingly!)	我以为你是老师。	deck#4	due@2025-08-07 10:50:04
5	以来	yǐlái	since	1985以来，我一直在上海生活。	deck#4	due@2024-12-11 19:15:19
5	以及	yǐjí	..as well as..	我有一只猫，一只狗，以及一只鸭。		due@2024-07-19 21:56:38
&	前面	qiánmiàn	in front of	我在学校前面等你。	deck#6	due@2026-07-03 10:49:36
&	前边	qiánbiàn	in front of	我在学校前边等你。	deck#6	due@2026-07-03 10:51:02
&	前进	qiánjìn	advance/make progress	我准备再前进一点。	deck#2	due@2024-07-20 21:46:53
5	偷	tōu	steal	昨天我的手表被偷了。	deck#4	due@2026-07-16 20:01:32
3	河	hé	river	他坐在河边。	deck#6	due@2027-01-05 22:29:12
4	甜	tián	sweet	我喜欢甜食。		
&	湖	hú	lake	这片湖是日本最深的。	deck#5	due@2026-09-09 07:52:02
&	胡子	húzi	moustache/beard	我每天早上刮胡子。	deck#5	due@2026-11-26 15:23:11
3	根据	gēnjù	according to/based on	根据我所知，这本书还没被翻译成日语。	deck#3	due@2026-01-17 22:07:44
4	剧院	jùyuàn	theatre (building)	这家剧院的节目很好。	deck#3	due@2024-10-07 22:07:46
6	寺庙	sìmiào	temple			
5	待	dài	to stay	我计划待一个星期。		
3	特别	tèbié	peculiar/exceptional (a, adv), especially		deck#5	due@2025-11-17 21:04:37
2	别	bié	other  / don't ..!		deck#6	due@2026-12-09 13:14:56
&	别的	biéde	other,others (pron), otherwise	他不想要别的东西了。	deck#6	due@2027-06-11 17:06:57
3	别人	biérén	others		deck#6	due@2026-07-03 10:45:13
4	另外	língwài	another; besides, in addition	我买了一条裙子，另外还买了一条裤子。	deck#4	due@2026-07-16 19:22:43
2	已经	yǐjing	already	已经是时候回去了。	deck#6	due@2026-08-14 21:07:45
3	记得	jìde	to remember	我记得你了。	deck#6	due@2027-06-30 21:17:17
3	忘记	wàngjì	to forget	我永远不忘记你。	deck#5	due@2026-09-14 17:19:53
4	记者	jìzhě	journalist/reporter	他是一家报纸的记者。	deck#4	due@2026-07-11 07:29:38
4	作者	zuòzhě	author/writer	他是这本书的作者。	deck#4	due@2026-07-11 07:29:46
3	经过	jìngguò	to pass/as a result of			
4	经济	jīngjì	economy	去年的经济很好	deck#3	due@2024-10-02 20:40:16
4	经历	jīnglì	experience (v/n)	他在这两年里经历了很多。		
4+	轻	qīng	light/gently		deck#3	due@2024-08-19 21:40:32
4	轻松	qīngsōng	relax/relaxed/gentle (v/a)	说了所有我要说的话后，我感觉很轻松。	deck#3	due@2024-10-06 21:19:16
3	年轻	niánqīng	young		deck#5	due@2026-09-14 19:19:22
4	年龄	niánlíng	age	她有多大年龄？		due@2024-07-13 12:20:55
4	景色	jǐngse	scenery	我喜欢海边的景色。	deck#4	due@2026-08-04 21:12:45
4	停	tíng	stop/park	他们就是让我们停	deck#5	due@2026-09-14 19:34:41
4	厚	hòu	thick (inanimate)	那本书很厚。		due@2024-07-20 21:20:39
2	从	cóng	from		deck#6	due@2027-06-11 17:11:10
4	从来	cónglái	always/never	我从来没吃过中国菜。	deck#6	due@2026-08-14 21:24:26
5	从此	cóngcǐ	from now on/since then	她从此就留在国外了。		
2	最	zuì	most (superlative marker)		deck#6	due@2026-12-09 13:16:09
3	最近	zuìjìn	recently	我最近忙得很。	deck#6	due@2026-07-03 10:55:08
3	最后	zuìhòu	final/finally		deck#6	due@2027-08-24 15:04:44
4	最好	zuìhǎo	best	他是我最好的朋友。	deck#6	due@2027-06-11 20:02:02
3	久	jiǔ	long (temporal)	你在那里待了多久？	deck#6	due@2026-07-03 11:05:53
&	欠	qiàn	to owe/lack/yawn		deck#2	due@2024-08-14 20:55:24
2	次	cì	times (MW), order	这是我的第一次。	deck#5	due@2025-10-06 11:06:49
&	吹	chuī	to blow		deck#4	due@2026-07-16 19:19:53
5	砍	kǎn	chop/cut	她在后院砍伐了一棵树。		due@2024-07-14 19:52:15
&	炊	chuī	to cook/steam		deck#3	due@2024-11-16 21:41:53
3	饮料	yǐnliào	drink (n)	果汁是饮料。	deck#3	due@2024-08-13 22:38:03
4	材料	cáiliào	materials/resources/data	她在为一本书收集材料。	deck#2	due@2024-08-14 20:57:38
4	饮食	yǐnshí	food		deck#4	due@2024-12-09 22:01:51
5	软	ruǎn	soft/weak/flexible	他喜欢睡觉比较软的床。		
5	软件	ruǎnjiàn	software	我的软件全都是开源的。	deck#4	due@2026-08-04 21:10:19
1	欢迎	huānyíng	welcome		deck#6	due@2026-06-25 21:21:39
3	又	yòu	again, also, both, another	今天他又来了。/ 我现在有累锇	deck#5	due@2026-09-14 19:49:15
3	双	shuāng	two/double/ MW for pairs		deck#6	due@2027-08-24 15:05:54
4	观众	guānzhòng	spectator/audience	观众鼓了掌。	deck#2	due@2024-07-03 19:30:48
5	观点	guāndiǎn	point of view/standpoint	她持有与我不同的观点。	deck#2	due@2024-08-14 21:09:00
4	反对	fǎnduì	to oppose/protest (n/v)	他们表示反对。	deck#4	due@2026-07-16 16:54:56
5	反应	fǎnyìng	to react/respond			due@2024-07-19 22:31:46
5	反正	fǎnzhèng	anyway	反正已经太晚了。		due@2024-07-20 21:01:25
1+	饭	fàn	rice/meal	我们吃饭。	deck#6	due@2026-07-03 17:32:11
5	数	shǔ	to count	她数着楼层。	deck#3	due@2024-10-02 20:15:52
3	数学	shǔxué	math	他在大学学习数学。	deck#4	due@2026-07-16 16:57:41
4	数量	shǔliàng	amount/quantity			
3	放	fàng	put/release/let go/send out	请把它放在桌上。	deck#5	due@2026-10-03 21:10:54
3	放心	fàngxīn	relax/to be relieved	放心，没事的。	deck#4	due@2026-09-27 15:26:23
4	放松	fàngsōng	relax	好的音乐可以让人放松。	deck#4	due@2026-07-16 16:53:53
6	放大	fàngdà	enlarge/turn up/zoom		deck#2	due@2024-08-13 21:48:01
4	放弃	fàngqì	give up/abandon/renounce	他放弃了所有希望。		
6	攻击	gōngjī	attack/assault	军队意外地被攻击了。		due@2024-07-20 20:54:15
6	攻克	gōngkè	capture/conquer	我可以攻克英语!		due@2024-07-19 22:00:19
3	才	cái	just,really (adv), not until now/only, ability (n),		deck#6	due@2027-06-11 18:30:50
6	才干	cáigàn	ability	我们相信他的才干。 (SYN: 才能)		due@2024-07-13 12:27:49
&	龙	lóng	dragon	龙年结束了。	deck#5	due@2026-10-03 21:08:21
4	优秀	yōuxiù	excellent/outstanding	她是优秀生。		due@2024-07-13 19:20:45
4	优点	yōudiǎn	advantage/strength/merit/benefit/strong point	这方法有什么优点和缺点？		
5	优美	yōuměi	elegant/graceful/fine	这个地方以风景优美闻名。		
4	之	zhī	literary possessive particle		deck#6	due@2027-06-30 21:04:55
4	之前	zhíqián	before		deck#6	due@2026-08-14 21:18:45
4	之间	zhījiān	between	他在我们之间。	deck#4	due@2026-07-16 16:55:12
2	两	liǎng	two/both		deck#5	due@2025-09-28 21:04:17
3	辆	liàng	MW for vehicles	我叔叔有两辆车。	deck#3	due@2024-10-06 21:21:59
4	满	mǎn	full/complete	杯子满了。	deck#5	due@2026-09-14 19:47:08
3	满意	mǎnyì	to be satisfied	我非常满意。 (SYN: 满足)	deck#5	due@2026-09-14 17:10:21
5	满足	mǎnzú	to satisfy/be satisfied	对于自己的工资，我感到挺满足。	deck#4	due@2026-07-16 19:32:25
2	错	cuò	mistake/error/incorrect	对不起，是我的错。	deck#6	due@2026-08-14 21:06:19
4	错误	cuòwù	mistake	借你的刀是我的错误。	deck#5	due@2026-09-14 18:33:19
4	误会	wùhuì	misunderstand/misunderstanding	我误会了你。		due@2024-07-19 22:24:34
4	错过	cuòguò	to miss (train etc)	我错过了公共汽车。	deck#3	due@2024-10-07 21:56:08
4+	错失	cuòshī	to miss (a chance)			
3	借	jiè	borrow/lend	借你的刀是我的错误。		
4	可惜	kěxī	it's a pity/too bad/regrettable	可惜她不能来。		
&	音	yīn	sound		deck#6	due@2027-06-30 21:09:41
4+	者	zhě	that which, he who, those who	死者，作者，记者，后者	deck#5	due@2026-11-27 15:00:32
4	著名	zhùmíng	famous	他是一位著名的演员。	deck#3	due@2024-09-06 15:02:46
2	等	děng	wait	我们需要等他妈？	deck#6	due@2026-08-14 21:18:40
&	等等	děngděng	and so on		deck#5	due@2026-09-09 07:30:44
&	堂	táng	hall	食堂，教堂，天堂	deck#4	due@2024-12-09 22:15:57
&	党	dǎng	party (political etc)	我自愿加入中国共产党。	deck#4	due@2026-07-16 17:17:11
&	常	cháng	often	我常常在共产党的食堂尝热汤和鼓掌。	deck#6	due@2026-07-03 10:50:50
2	非常	fēicháng	very/exceptionally/extremely	她非常聪明。	deck#6	due@2027-08-23 15:18:07
&	常常	chángcháng	often	他常常去游泳。	deck#6	due@2026-07-03 10:51:04
3	经常	jīngcháng	often,daily	她经常读书。	deck#5	due@2026-09-14 20:09:30
5&	掌	zhǎng	to be in charge of, palm of hand, sole of foot, paw		deck#4	due@2026-07-16 20:05:12
5	掌握	zhǎngwò	to grap/control/seize/master/know well	我关于日语的知识掌握得还不是很好。		due@2024-07-20 21:12:48
5	鼓掌	gǔzhǎng	to applaude to clap	观众鼓了掌。	deck#3	due@2026-01-17 22:00:49
5	握手	wòshǒu	to shake hands	我和她握了手。		
5	把握	bǎwǒ	to grasp/seize/hold (n/v)	好好把握这个机会！		
4	躺	tǎng	to lie down (on one's back or side)	我爱躺着看书。	deck#4	due@2026-08-04 21:12:10
!	非	fēi	wrong/blame/not be		deck#4	due@2024-09-29 14:49:31
&	排	pái	row/MW for sortable things/put in order		deck#3	due@2024-10-06 21:31:38
4	安排	ānpái	arrange/plan	明天你有什么安排没有？		due@2023-12-21 11:35:41
6	罪犯	zuìfàn	criminal	警方能夠找到罪犯。		due@2024-07-20 21:23:37
6	犯	fàn	to commit (a crime)/to violate/to offend/to err	人们都犯错误。		due@2024-07-21 20:14:41
6+	犯罪	fànzuì	to commit a crime/offence	我把我的行为看成是犯罪。		
6	罪犯	zuìfàn	criminal	那些人是罪犯吗？		
5+	靠近	kàojìn	to approach	敌人靠近城市。	deck#3	due@2024-08-19 15:47:20
5	可靠	kěkào	reliable	他们不可靠。		due@2024-07-19 22:22:28
2	希望	xīwàng	to hope	我希望你可以帮助我。	deck#5	due@2026-09-14 18:25:59
4	看望	kànwàng	to visit		deck#2	due@2024-08-13 21:58:56
1	七	qī	seven		deck#6	due@2025-09-25 22:06:50
&	匕	bǐ	dagger		deck#3	due@2024-09-06 14:54:32
2	比	bǐ	comparison particle	我比她高。	deck#6	due@2027-06-30 21:16:02
3	比赛	bǐsài	match/competition	他想参加比赛。	deck#6	due@2027-01-05 22:09:28
3	比较	bǐjiào	compare/relatively	这把椅子比较小的。	deck#5	due@2026-09-12 17:37:17
4	批评	pīpíng	to criticize/criticism	那个孩子被老师批评了。		
5	批准	pīzhǔn	to approve/ratify	经理批准了我们的计划。		
4	交	jiāo	delicter/turn over/pay/hand in/cross/entrust			
4	交流	jiāoliú	to communicate/exchange/interact/interaction	我不想跟别人交流。	deck#2	due@2024-06-18 21:37:45
4	交通	jiāotōng	communication/traffic	这里交通很繁忙。		due@2024-07-19 22:37:16
4	交往	jiāowǎng	contact/associate (n/v)	和他们的交往很难的。		due@2024-07-13 12:10:43
5	咬	yǎo	bite/nip/gnaw	你被虫子咬吗？	deck#4	due@2026-07-16 18:19:12
&	它	tā	it		deck#6	due@2027-08-23 15:21:20
&	美	měi	beautiful	这幅画太美了。	deck#6	due@2025-09-20 20:23:56
&	美国	měiguó	USA		deck#6	due@2026-07-03 11:05:09
&	美元	měiyuán	US dollar		deck#6	due@2026-07-03 10:58:28
4	美丽	měilì	beautiful	他们喜欢美丽的星星和月亮。		
2	送	sòng	to send / to see sb off	你可以送我一封信吗？	deck#4	due@2024-10-30 22:01:10
2	长	cháng/zhǎng	long/length;to grow		deck#6	due@2026-07-03 10:47:33
3	张	zhāng	to open/stretch/extend (MW for sheets/paper/furniture)		deck#4	due@2026-07-16 19:37:09
4	引起	yǐnqǐ	to give rise to/lead to/cause/arouse	你的行为引起了很多麻烦。		
4	吸引	xīyǐn	to attract interest	这是一个吸引人的故事。		due@2024-07-20 21:02:23
4	吸引力	xīyǐnlì	attraction	这个男人太有吸引力了！		due@2024-07-20 21:07:05
3	矮	ǎi	short, low	我比你矮。	deck#3	due@2024-10-06 21:31:10
4	民族	mínzú	nationality/ethnic group/people	中国是一个多民族的国家。	deck#3	due@2024-09-06 15:05:47
5	农民	nóngmín	peasant	农民穿着奇怪的衣服,而且有奇怪的牙。	deck#5	due@2026-04-10 22:31:04
3	低	dī	low/to lower		deck#5	due@2026-09-14 20:24:08
4	底	dǐ	bottom/background/base/end	厨房在底楼。	deck#3	due@2024-09-06 17:48:41
4	到底	dàodǐ	after all/in the end (in question)	他到底来不来？	deck#5	due@2026-09-14 17:15:39
3	短	duǎn	short/owe	我在读短篇小说	deck#4	due@2026-07-16 17:18:46
4	度	dù	degree/measure		deck#3	due@2024-11-16 22:14:56
4	速度	sùdù	speed	有速度限制吗?	deck#4	due@2026-07-16 19:57:13
4	温度	wēndù	temperature	明天的最高温度是多少？		
4	态度	tàidù	manner/bearing/attitude	我希望改进自己的工作态度。	deck#2	due@2024-08-14 21:02:10
5	制度	zhìdù	system/institution	他们改变了制度。	deck#2	due@2024-08-14 21:07:08
6	过渡	guòdù	excessive			due@2024-07-21 20:19:12
&	母	mǔ	mother		deck#5	due@2026-09-14 18:31:36
2	每	měi	each/every		deck#6	due@2026-08-14 21:16:35
&	每天	měitiān	daily	我每天洗澡。	deck#6	due@2026-06-25 21:02:14
2+	海	hǎi	sea/ocean		deck#6	due@2026-07-03 10:57:01
4	海洋	hǎiyáng	ocean	海洋上的风很大。	deck#5	due@2026-09-14 17:10:29
4	后悔	hòuhuǐ	to regret/repent	我很后悔没有帮助你。	deck#2	due@2024-08-14 20:48:13
2	帮助	bāngzhú	to help/help	我需要你的帮助。	deck#4	due@2024-09-11 15:56:06
2	帮忙	bāngmáng	to help	我帮忙妈妈做菜。	deck#5	due@2026-09-14 19:11:11
2	忙	máng	busy	我忙得不能来。	deck#5	due@2026-09-14 16:57:27
3	灯	dēng	light/lamp	我把灯关了。	deck#6	due@2026-07-03 10:54:59
3	秋	qiú	autumn	秋天，叶子红了。	deck#4	due@2026-07-16 19:12:44
4	行	xíng;háng	walk/do/OK/travel/conduct;row		deck#5	due@2026-09-14 20:01:53
5	行为	xíngwéi	behaviour	我把我的行为看成是犯罪。	deck#2	due@2024-08-13 21:56:11
4	流	liú	to flow	她的鼻子流血了。		
4	流行	liúxíng	popular/prevalent/to spread	这种音乐现在很流行。	deck#2	due@2024-06-17 17:50:25
4	流利	liúlì	fluent	他的英语多流利啊！		
4	光	guāng	light (abstract), just (adv), used up	这儿没有光。/ 她吃光了。/ 光你一个人离开，没有用。	deck#4	due@2026-07-16 17:15:07
2	妻子	qīzi	wife	别告诉我的妻子！	deck#6	due@2026-08-14 21:24:22
2	丈夫	zhàngfu	husband	别告诉我的丈夫！	deck#4	due@2026-07-11 07:44:38
&	父母	fùmǔ	parents	别告诉我的父母！	deck#5	due@2026-09-14 19:58:51
2	离	lí	leave/depart/go away/near or far from	你的学校离这儿远吗？	deck#6	due@2027-06-11 17:03:14
3	离开	líkāi	leave/depart	我不想离开。	deck#6	due@2027-06-11 18:31:40
4	距离	jùlí	distance	这距离很远。	deck#2	due@2024-08-01 19:18:44
4	留	liú	to stay/retain/leave (a message)	我想留在哪里。	deck#4	due@2026-07-16 19:24:37
3	留学	liúxué	to study abroad	他离开父母去国外留学。	deck#5	due@2026-10-01 21:40:46
3	难	nán	difficult/hard	学荷兰语不难。	deck#6	due@2025-11-06 19:14:38
3	难过	nánguò	be sad/be grieved/have a hard time			
4	难道	nán dào	could it be that?	难道他不回来吗？		due@2024-07-13 12:21:25
2	慢	mán	slow	爷爷慢慢地走。	deck#5	due@2026-09-14 18:47:52
3	容易	róngyì	easy	学德语不容易。	deck#5	due@2026-10-03 21:08:08
2	虽然	suīrán	although/even though	虽然他是中国人，但是他不会说汉语。	deck#6	due@2026-06-25 21:12:36
3	突然	tūrán	suddenly	我们的火车突然停了下来。	deck#6	due@2027-06-11 17:01:48
5	忽然	hūrán	suddenly	我们的火车忽然停了下来。	deck#4	due@2026-07-16 19:26:23
4	竟然	jìngrán	unexpectedly/surprisingly	他竟然来了。	deck#2	due@2024-08-07 22:26:46
4	仍然	réngrán	still/yet	这里禁止停车，仍然他把车停了。		due@2024-07-20 21:16:59
4	扔	rēng	to throw away	快把球扔过来！	deck#2	due@2024-08-07 22:13:06
2	身体	shēntǐ	health/body	水果对身体非常好。	deck#5	due@2026-03-14 11:09:33
2	票	piào	ticket; banknote; vote	你买了三张票吗？	deck#5	due@2026-09-14 17:16:28
2	累	léi	tired	我很累。	deck#5	due@2026-09-09 07:51:57
5	某	mǒu	certain/particular/some	我在等待着某个人。		due@2024-06-13 18:30:57
2	黑	hēi	dark,black	我大黑狗常常很累。	deck#6	due@2025-09-25 22:01:31
4	增长	zēngzhǎng	to grow/to increase/growth	我的收入增长了。	deck#3	due@2024-09-06 14:45:39
4	增加	zēngjiā	to raise/to increase	我大黑狗增加了体重。		
5	曾经	céngjīng	once/already/former/previously/ever	你曾经看过黑人？	deck#2	due@2024-08-14 20:48:51
5	沉默	chénmò	silent/uncommunicative/silence	麻烦的时候，最好就是沉默。		
4	幽默	yōumò	humour	你很有幽默感。		
2	白	bái	white,bright	这个够是白色的。	deck#6	due@2027-06-11 16:49:19
2	百	bǎi	hundred	我女儿现在数数能数到一百了。	deck#6	due@2026-07-03 10:57:43
2	日	rì	sun/day/date		deck#6	due@2026-08-14 21:14:16
！	目	mù	eye/item		deck#6	due@2027-06-30 21:08:30
4	目的	mùdi	goal/purpose/aim	找到爱情是我的目的	deck#4	due@2026-07-16 17:09:29
3	耳(朵)	ěr(duo)	ear	我们用耳朵听。	deck#5	due@2026-09-09 07:51:07
3	自(己)	zì(jǐ)	(one)self/own	他决定自己试试看。	deck#5	due@2025-09-28 21:18:33
4	自然	zìrán	nature (n)/natural/naturally	病自然会好。	deck#5	due@2026-04-10 22:30:37
4	自信	zìxìn	self-confident	他对自己没有自信。	deck#4	due@2026-07-11 07:54:11
5	自豪	zìháo	proud	我为我的哥哥感到自豪。		due@2024-07-21 20:09:47
5	自从	zìcóng	since	自从我认识她的时候，我就恨她。	deck#5	due@2026-10-03 21:08:04
5	自由	zìyóu	free/freedom	中国是不自由的国家。	deck#4	due@2025-09-18 21:08:25
5	闻	wén	hear/smell/news	新闻使他不安。	deck#4	due@2026-07-16 17:07:33
！	市	shì	city/market			
4	节	jié	joint/item MW/festival		deck#5	due@2025-10-06 11:08:25
3	带	dài	to take/bring/lead, belt/tire	他忘了带衣服。	deck#4	due@2026-07-16 19:54:06
3	节日	jiérì	festival/holiday	这是我城市的最喜欢的节日。	deck#6	due@2027-06-30 21:11:05
3	节目	jiémù	programme	这个节目是在我城市做的。	deck#6	due@2027-06-06 07:49:03
!	季节	jìjié	season	秋天是我最喜爱的季节。	deck#4	due@2026-07-16 19:50:51
2	休息	xiūxi	to rest	我休息一会儿。	deck#6	due@2027-08-23 15:14:25
4	信息	xìnxī	information/message	他以前常给我发信息。	deck#4	due@2024-10-30 22:02:17
4	消息	xiāoxi	news	我愿意翻译这条消息。	deck#5	due@2026-09-14 17:21:18
5	消失	xiāoshī	to disappear/vanish	漂亮的阳光消失了。	deck#4	due@2024-10-30 17:38:16
4	失望	shīwàng	dissappointed	我们对将来感觉失望。	deck#3	due@2024-10-06 21:26:26
4	失败	shībài	to be defeated/to fail/to lose/failure/defeat	不害怕失败！		due@2024-07-13 20:05:31
5	失去	shīqù	to lose	我对你失去信心。/ 他失去他的爷爷。	deck#2	due@2024-08-07 22:10:34
1	和	hé	and	我想喝咖啡和茶。	deck#6	due@2027-06-11 16:55:04
4	租	zū	rent/rent out		deck#4	due@2026-09-27 15:14:31
5	组合	zǔhé	to assemble/combine/combination	这里你可以看到漂亮的颜色组合。	deck#2	due@2024-08-13 21:50:15
5	组织	zǔzhī	organise/organisation	你很有组织能力。		due@2024-07-20 21:15:13
3	相同	xiāngtóng	same/identical	他们有相同的想法。	deck#4	due@2024-10-30 22:04:25
3	相信	xiāngxìn	believe (v)	我不相信你说的话。	deck#6	due@2026-08-14 21:09:11
3+	相比	xiāngbǐ	compared to	和以前相比，已经进步了很多。	deck#4	due@2026-08-02 21:43:10
4	相反	xiāngfǎn	opposite	我的看法相反。		due@2024-06-17 21:51:17
5	相当	xiāngdāng	quite/match/appropriate/relatively	她说话相当快.		due@2023-12-22 22:05:39
4	互相	hùxiāng	eachother/mutually	我们应该互相学习	deck#3	due@2024-09-06 14:55:11
2	哥哥	gege	older brother	我哥哥在唱歌。	deck#6	due@2026-08-14 21:18:42
2	姐姐	jiějie	older sister	我姐姐没有钱。	deck#6	due@2027-06-09 17:39:49
2	弟弟	dìdì	younger brother	这是我弟弟的第一次。	deck#6	due@2027-06-09 17:39:01
2	妹妹	mèimei	younger sister	我妹妹每天晚上看电视。	deck#6	due@2027-01-05 21:59:39
4	云	yún	cloud	他像一朵云一样运动了。	deck#6	due@2026-07-03 17:37:43
2	运动	yùndòng	(physical) exercise,sports,movement	我每天运动一小时。	deck#5	due@2026-09-14 19:10:02
&	运气	yùnqì	luck (good or bad)	你运气很好啊！		due@2024-07-29 15:22:46
3	层	céng	MW:layer/floor/step	这幢大楼有3层。	deck#5	due@2026-03-14 13:22:30
4	活动	huódòng	activity (n) / to move (v)	他想参加活动。	deck#4	due@2026-07-11 08:04:53
4	感动	gǎndòng	moved/touched (emotionally)		deck#5	due@2026-09-14 18:38:49
3	动物	dòngwù	animal	猫是动物。	deck#5	due@2026-09-14 18:30:25
4	植物	zhíwù	plant	树是植物。	deck#3	due@2024-10-07 17:36:59
3	礼物	lǐwù	gift	给送礼物是很礼貌的。	deck#5	due@2026-10-03 21:11:38
4	礼貌	lǐmào	manners/polite	给送礼物是很礼貌的。	deck#3	due@2024-10-06 21:32:46
4	乱	luàn	chaotic/disorder/confusion	这个城市脏乱差。	deck#4	due@2026-07-16 16:47:21
!	包	bāo	wrap/include/surround/bag/parcel	我找不到我的包了。	deck#5	due@2026-09-14 17:13:52
3	饱	bǎo	full	我吃饱了。	deck#5	due@2026-09-12 17:36:51
4	抱	bào	hold (in arms)	孩子喜欢叫妈妈抱。	deck#4	due@2026-07-16 18:32:49
2	报纸	bàozhǐ	newspaper	爸爸读完了报纸。	deck#4	due@2026-07-16 18:33:28
&	纸	zhǐ	paper		deck#4	due@2026-07-16 18:54:02
5	报告	bàogào	report (v/n)	这份报告完全错误。	deck#4	due@2024-10-25 20:25:10
5	报道	bàodao	report (v/n)	他写了非常有深的报道。	deck#3	due@2024-10-02 20:47:51
4	报名	bàomíng	register/sign up/registration	我昨天就报了名。		due@2024-07-20 21:16:31
2	路	lù	road/path	路两边有许多树。	deck#4	due@2026-07-14 17:36:46
2	跑步	pǎobù	to run	我妈妈每天都在公园中跑步。	deck#4	due@2024-09-11 21:23:20
&	跳	tiào	jump/beat(heart)/bounce	小孩子感兴地跳了起来。	deck#4	due@2026-08-02 21:42:36
2	跳舞	tiàowǔ	dance	她喜欢跳舞。	deck#4	due@2026-07-16 17:19:31
4	杂志	zázhì	magazine	她读完了杂志。	deck#4	due@2026-07-16 17:17:31
4	复杂	fùzá	complicated	我的作业很复杂。		
4	复印	fùyìn	to copy	请把每一页复印三份。		due@2024-07-02 19:33:07
2	颜色	yánsè	color	你的眼睛是什么颜色？	deck#5	due@2026-09-09 07:34:14
2	红(色)	hóng(sè)	red	血是红色的。	deck#6	due@2027-06-11 19:37:32
2	蓝(色)	lán(sè)	blue	天空是蓝色的。	deck#6	due@2027-06-11 18:27:27
4	盐	yán	salt	盐吃多了，其实对身体健康不好。	deck#2	due@2024-08-07 22:27:16
2	绿(色)	lǘ(sè)	green	你们喝绿茶吗？	deck#5	due@2026-03-14 11:07:02
2	黄(色)	huáng(sè)	yellow	太阳是黄色的。	deck#4	due@2026-07-16 16:58:15
5	紫(色)	zǐ(sè)	purple	这朵花的颜色是紫色。	deck#4	due@2026-08-04 21:07:13
4	拒绝	jùjué	to refuse/decline/reject	我拒绝回答你的问题。	deck#2	due@2024-07-30 17:25:05
5	柜	guì	cupboard/cabinet/counter			
5+	出柜	guì	to come out (the closet)	他们约好一起向家人出柜。	deck#3	due@2024-09-06 17:44:22
3	脸	liǎn	face	洗脸吧。	deck#4	due@2026-07-11 07:42:22
3	检查	jiǎnchá	examine/inspect	他进去检查过了。	deck#4	due@2026-07-16 19:17:20
3+	查	chá	inspect/investigate	他查看了地方。	deck#6	due@2027-06-11 17:11:14
4+	签名	qiánmíng	to sign/signature	请在这儿签名。		due@2024-07-20 21:23:58
4	边检	biānjiǎn	border control	我们过了边检。	deck#3	due@2024-10-07 22:05:26
6	检验	jiǎnyàn	to inspect/examine/test			due@2024-07-20 21:20:54
4	经验	jīngyàn	experience	我什么经验都没有。	deck#2	due@2024-08-01 17:34:33
4	危险	wěixiàn	danger/dangerous	危险还没有度过。		due@2024-06-17 21:54:39
5	危害	wěihài	endanger/harm/jeapardize	有些药品会对身体产生危害。		due@2024-06-16 21:29:52
4	可怜	kělián	pitiful/poor/pathetic; to have pity	请可怜我吧！		due@2024-07-20 21:18:47
2	姓	xìng	family name/surname	你的姓怎么写？	deck#5	due@2026-09-09 07:49:24
4	性格	xìnggé	personality/nature	先生有一个很好的性格。	deck#2	due@2024-08-14 20:53:47
4	性别	xìngbié	gender	犯人的性别不明。		due@2024-07-20 20:52:45
5	同性恋	tóngxìngliàn	gay	我出柜了，我是同性恋。	deck#4	due@2026-07-16 17:08:37
1	雨	yǔ	rain	下很大雨。	deck#6	due@2027-08-24 14:57:45
&	雨伞	yǔsǎn	umbrella	我拿了你的雨伞。	deck#5	due@2025-10-06 10:54:19
2	雪	xuě	snow	下雪了。	deck#6	due@2026-08-14 21:22:45
2	零	líng	zero	我很冷，现在是零下十度。	deck#6	due@2027-06-11 19:46:37
5	杀	shā	to kill/murder	我爸会杀了我的。	deck#6	due@2026-07-03 17:34:07
!	示	shì	show		deck#4	due@2026-07-16 17:12:12
4	标准	biāozhǔn	standard	虽然他在中国长大，但是他的普通话并不标准。		
3	表示	biǎoshì	show/express/indicate/attitude		deck#6	due@2026-08-14 21:25:27
3	除了	chúle	except/apart from	除了我没有人		
3G	除了···以外	chúle...yiwai	except/apart from	除了钢琴以外，还会玩什么乐器吗？	deck#6	due@2027-01-05 22:11:09
4	国际	guójì	international		deck#5	due@2026-09-14 16:57:19
2	肉	ròu	meat/flesh	猫喜欢鱼多过肉。	deck#5	due@2025-10-06 11:03:00
4	内	nèi	inside		deck#6	due@2027-06-11 17:00:05
4	内容	nèiróng	contents	信的内容是什么？	deck#5	due@2026-09-14 16:49:16
&	贝	bèi	shell(fish)		deck#4	due@2026-09-27 15:26:56
4	页	yè	page	有一页缺了。		
5	项目	xiàngmù	project/program	你的项目进展得怎么样？		
4	顺序	shùnxù	order/sequence	那个顺序不对。		due@2024-07-20 20:54:21
4	顺便	shùnbiàn	conveniently/without much effort/by the way/in passing	顺便问一句，你今晚有空吗？	deck#2	due@2024-08-13 22:03:40
4	顺利	shùnlì	smoothly/without a hitch	一切都很顺利。	deck#3	due@2024-10-02 20:39:41
5	则	zé	rule/standard/then/but			due@2024-07-02 22:28:37
5	规则	guīzé	rule/law/regulation	司机应该遵守交通规则。		due@2024-07-20 20:49:58
4	规定	guīdìng	to set/fix/rule (n)/regulation	学校规定学生不能抽烟。	deck#2	due@2024-07-30 15:53:46
4	否则	foǔzé	otherwise	你快回家吧！否则妈妈会担心了。		
2	贵	guì	expensive	茶比牛奶贵吗？	deck#5	due@2026-09-14 19:38:14
!	员	yuán	member	每位会员每月需支付一万日元。	deck#4	due@2026-07-16 16:46:16
5	圆	yuán	round/circle	我们的数学老师在黑板上画了一个圆。	deck#4	due@2026-07-16 18:56:40
4	负责	fùzé	responsible for; in charge of	我为这个错误负责	deck#4	due@2026-08-04 21:11:32
4	责任	zérèn	duty	这是我们的责任。	deck#2	due@2024-08-14 21:03:47
3	见面	jiànmiàn	meeting/to meet	你还记得我们第一次见面是在哪里吗？	deck#4	due@2026-07-16 16:47:09
4	宽	kuān	wide	那座桥不够宽。	deck#2	due@2024-08-14 21:03:21
4	工资	gōngzī	salary/wages	我每个月的工资只有四千元。	deck#3	due@2024-09-06 15:06:55
4	质量	zhìliàng	quality	那些货的质量怎么样？		due@2024-07-20 20:48:48
4	烦恼	fánnǎo	annoyance/worries/upset	我们的烦恼很多。		due@2024-07-20 21:11:48
4	麻烦	máfan	trouble/troubling/bothersome; to bother someone	我们现在有了麻烦。	deck#3	due@2026-01-17 21:43:41
3	习惯	xíguàn	be used to/habit	我习惯早起。	deck#6	due@2026-08-14 21:25:16
&	田	tián	field		deck#4	due@2024-12-11 19:18:47
4	由	yóu	due to, by (prep) (spanish por)		deck#3	due@2024-10-31 13:32:58
4	由于	yóuyú	as a result of/due to	由于感冒，我不来。	deck#2	due@2024-08-13 21:38:09
4&	油	yóu	oil/gas	我们的国家有很多石油。	deck#5	due@2026-09-14 20:24:22
4&	邮件	yóujiàn	mail/post	你收到了我发的邮件了吗？		
4	邮局	yóujú	post office	她去了邮局寄包裹。		
4	抽烟	chōuyān	to smoke	这儿禁止抽烟。		
!	甲	jiǎ	helmet/armour/first/nail	我的指甲断了。	deck#4	due@2026-07-16 17:15:23
!	申	shēn	to explain (radical)		deck#3	due@2026-01-17 22:24:47
&	神	shén	God	我不信神。	deck#3	due@2024-09-06 14:40:57
!	早	zǎo	early	我不早起床。	deck#6	due@2027-06-11 17:07:59
3	草	cǎo	grass	羊早上起床后，就吃草。	deck#5	due@2026-09-14 16:59:13
4	文章	wénzhāng	article/essay	我把这文章打印了。	deck#4	due@2026-07-16 16:59:05
1	里	lǐ	in(side), MW of length	我在房子里面。	deck#6	due@2026-08-14 21:11:34
2	男	nán	male	男孩子对汽车感兴趣。	deck#6	due@2026-08-14 21:11:35
5	勇气	yǒngqì	courage	我佩服他的勇气。		
&	细	xì	thin/fine/slender/tiny			due@2024-07-19 22:34:30
5	细节	xìjié	details	你需要注意细节。	deck#4	due@2026-07-16 20:11:37
4	仔细	zǐxì	caring/careful/attentive	他是很仔细的人。		due@2024-07-13 12:17:40
4	详细	xiángxì	detailed	他给送我一篇详细的报告。		due@2024-07-20 20:49:55
&	单词	dāncí	word	我经常用那本词典找单词。	deck#4	due@2026-07-16 16:59:34
3	简单	jiǎndān	simple	翻译一本书不是简单的。	deck#4	due@2026-07-16 20:00:44
4	孤单	gūdān	to be lonely/loneliness	我一个人在这儿很孤单。	deck#3	due@2024-09-06 14:39:07
&	弹钢琴	tángāngqín	to play the piano	我经常弹钢琴。	deck#4	due@2024-10-29 21:38:20
3	电子邮件	diànzǐyóujiàn	e-mail	我只想查一下我的电子邮件。	deck#5	due@2026-09-14 17:20:19
3	画	huà	paint/draw/drawing/painting	那幅画是黑白的。	deck#6	due@2026-07-03 10:50:26
4	富	fù	wealthy	这儿没有富人	deck#4	due@2026-07-16 16:52:35
4	丰富	fēngfù	to enrich/plentiful/abundant	中国有着丰富的文化。		due@2024-07-13 12:07:08
&	福	fú	good fortune		deck#5	due@2026-09-14 17:02:01
&	幅	fú	piece/strip/MW for textiles or pictures	那幅画是黑白的。	deck#2	due@2024-08-13 22:09:21
4	幸福	xìngfú	happiness/happy	她让我幸福。	deck#3	due@2024-10-06 21:37:13
5	幸亏	xìngkuī	fortunately	幸亏我网上找到我的爱人。		due@2024-07-20 21:10:46
3	掉	diào	fall/lose	你的钥匙掉到地上了。	deck#3	due@2026-01-17 22:01:13
3	鼻子	bízi	nose	用你的鼻子呼吸。	deck#4	due@2026-07-16 16:58:50
4	算	suàn	to count/compute	我不会算。	deck#5	due@2026-09-14 19:47:33
2	鱼	yú	fish	猫喜欢吃鱼。	deck#6	due@2026-12-09 13:13:16
4	演员	yǎnyuán	actor	他不是歌手，但是个演员。	deck#3	due@2024-08-19 22:01:42
4	演出	yǎnchū	perform/act/performance	演出真的很有意思， 你应去看看的。	deck#4	due@2026-07-16 18:25:25
2	游泳	yǒuyǒng	to swim	小鸭游泳得不好	deck#5	due@2026-09-09 07:52:22
3	游戏	yóuxì	game	我觉得我不太喜欢这游戏。	deck#5	due@2026-09-14 17:20:09
&	游人	yóurén	tourist		deck#5	due@2026-11-27 14:56:54
&	游客	yóukè	tourist	只有游客才这么做。	deck#5	due@2026-09-14 19:07:46
2	牛奶	niúnǎi	cow-milk	茶比牛奶贵吗？	deck#6	due@2026-08-14 21:18:33
3	奶奶	nǎinǎi	grandmother	我奶奶丢去了记忆。	deck#6	due@2026-06-25 21:21:19
4	旅行	lǚxíng	to travel	我坐飞机去旅行。	deck#5	due@2026-09-14 19:07:30
2	旅游	lǚyóu	tour/trip/journey	日本人喜欢去旅游。	deck#4	due@2026-07-16 16:54:00
&	旅馆	lǚguǎn	hotel	他住进了一家很便宜的旅馆。	deck#3	due@2024-09-06 15:06:04
2	宾馆	bīnguǎn	hotel	这里是三星级宾馆。	deck#4	due@2026-09-27 15:23:39
&	食堂	shítáng	canteen/diner	我是在食堂吃的饭。	deck#5	due@2025-10-06 11:05:51
4	餐厅	cāntīng	restaurant/dining room	这是我所知道的最好的餐厅。		
4&	早餐	zǎocān	breakfast	妈妈正在准备早餐。		
3	图书馆	túshūguǎn	library	他们在图书馆里学习。	deck#5	due@2026-09-09 07:47:42
4	大使馆	dàshǐguǎn	embassy	大使馆是在哪里？	deck#4	due@2026-07-16 17:11:04
4	管	guǎn	manage/look after	我不管你的事。	deck#3	due@2026-01-17 21:47:06
4	管理	guǎnlǐ	manage/supervise/management	管理一个国家不容易	deck#4	due@2026-08-04 21:15:58
&	馆子	guǎnzi	restaurant		deck#3	due@2024-10-02 20:22:01
&	馆舍	guǎnshe	hotel/inn		deck#3	due@2024-08-14 16:59:07
5	宿舍	sùshè	dormitory	宿舍有很多张床	deck#3	due@2024-10-06 21:39:15
2	阴	yīn	yin (yang), the moon, cloudy weather		deck#5	due@2026-11-27 14:59:47
3	城市	chéngshì	city	我们的城市恨大。	deck#6	due@2026-12-09 11:04:36
5	成人	chéngrén	adult	只有成人可以看那种电影。	deck#6	due@2027-06-30 21:04:28
&	成	chéng	become/accomplish/mature/OK		deck#6	due@2027-06-11 17:13:12
4	成为	chéngwéi	to become	我希望成为演员。	deck#5	due@2026-09-14 19:58:32
4	成功	chénggōng	success/to succeed	祝你成功！		due@2024-07-20 21:09:57
3	成绩	chéngjì	success/achievement/score	尽管他考试成绩不高，但他毕业后还是很成功。	deck#2	due@2024-08-14 21:09:29
4	诚实	chéngshí	honest/honesty/honorable	教授是一个诚实的人。		
5	市场	shìchǎng	market	他每天去市场。	deck#5	due@2025-09-28 21:20:25
3	超市	chāoshì	supermarket	这里附近有超市吗？	deck#5	due@2026-09-14 17:20:25
4	超过	chāoguò	surpass/leave behind	他的体重超过八十公斤。	deck#4	due@2024-11-23 13:34:16
3	或者	huǒzhè	or	你喝咖啡或者茶吗？	deck#6	due@2027-01-05 21:27:40
4	咸	xián	salty/salted	海水是咸的或者甜的吗？	deck#4	due@2026-07-16 17:21:13
4	感谢	gǎnxiè	thank/gratitude	非常感谢你的到来。	deck#6	due@2026-07-03 10:52:46
4	减	jiǎn	to reduce/to decrease/to substract			due@2024-07-20 20:45:25
4	减少	jiǎnshǎo	to reduce/to decrease	人口的减少会给让我们带来问题。		due@2024-07-19 22:26:45
4	减肥	jiǎnféi	to lose weight	我不吃晚餐因为我想减肥。		
4&	减轻	jiǎnqīng	to lighten/to alleviate/to ease	痛开始减轻了。		
&	打	dǎ	to hit/play/hold/open/do/send		deck#6	due@2027-06-11 17:00:28
3	打扫	dǎsǎo	to clean/to sweep	他讨厌打扫自己的房间。	deck#6	due@2026-08-14 21:24:13
1	打电话	dǎdiànhuà	to make a phonecall	我一下打电话。	deck#6	due@2027-06-11 18:34:02
3	打算	dǎsuàn	to plan/to intend	你打算做什么？	deck#5	due@2026-09-14 18:30:42
4	打印	dǎyìn	to print/seal/stamp	我昨天买了这个打印机。	deck#3	due@2024-10-06 21:21:14
4	打扰	dǎrǎo	to disturb/bother	没有事情可以打扰她拍照。		
5	争取	zhēngqǔ	strive for	我争取明天回答。		
5	争论	zhēnglùn	argue/argument	你为什么要和经理争论？	deck#3	due@2024-09-06 15:03:26
5	战争	zhànzhēng	war	他写了一本关于美国南北战争的书。	deck#4	due@2025-08-07 10:47:55
4	竞争	jìngzhēng	to compete/competition/rivalry	我们是竞争者。	deck#3	due@2024-09-06 14:36:59
&	斗	dòu	fight/struggle/combat		deck#5	due@2026-09-14 16:59:08
6	斗争	dòuzhēng	combat/fight/struggle	斗争结束了。	deck#4	due@2026-07-16 19:35:12
4	科学	kēxué	science	科学改变了我们的生活。	deck#3	due@2024-08-19 15:46:02
3	树	shù	tree	这棵树停止生长了。	deck#5	due@2026-10-01 21:41:45
3	练习	liànxí	to practise/exercise	你需要每天练习。	deck#4	due@2026-07-14 17:37:35
5	训练	xùnliàn	to train/training	和他们一起训练不是游戏。		
3	裙子	qúnzi	skirt	我买了一条裙子。	deck#5	due@2025-10-06 11:05:05
4	群	qún	MW for groups of people/animals	一群羊	deck#3	due@2024-08-16 21:54:06
4	紧张	jǐnzhāng	nervous/intense	你看起来很紧张。	deck#4	due@2024-10-25 20:28:27
5	紧急	jǐnjí	urgent	有紧急情况时，必须通过这个出口跑出房子。		due@2024-06-21 14:53:24
3	借	jiè	lend/borrow/excuse	能借给我你的刀吗？	deck#3	due@2024-09-06 14:55:01
2	洗	xǐ	to wash	我每天都洗头发。	deck#6	due@2027-06-30 21:08:41
3	洗手间	xǐshǒujiān	toilet	洗手间在哪里？	deck#6	due@2027-06-30 21:07:24
3	洗澡	xǐzǎo	to bathe/take a shower	他每天早上洗澡。	deck#5	due@2026-09-14 20:05:27
5	操场	cāochǎng	sports-field	我们在操场上训练。	deck#4	due@2026-07-16 17:02:54
5	勿	wù	not/don't (imperative)		deck#4	due@2026-07-14 17:39:46
4	场	chǎng	field/ground/stage/scene	飞机场，市场，操场，广场，剧场，球场，战场	deck#4	due@2024-09-11 21:25:18
4	汤	tāng	soup	我爱喝热汤。	deck#3	due@2024-09-06 17:43:48
&	物	wù	thing/creature/matter/property/content	动物，植物，礼物，食物，生物	deck#5	due@2026-11-27 14:57:42
？	厕所	cèsuǒ	toilet	我一下去厕所。	deck#3	due@2024-09-06 14:54:14
&	虫(子）	chóng(zi)	insect	你怕虫子吗？	deck#6	due@2026-08-14 21:23:55
!	色	sè	colour/kind/quality		deck#6	due@2025-09-25 22:03:57
4	免费	miǎnfèi	to be free of charge; no cost	我爱免费的东西。		
&	象	xiàng	elephant/imitate/appearance	大象很大。	deck#4	due@2026-02-09 22:27:55
3	像	xiàng	be like/appear	她穿得像个演员。	deck#5	due@2026-09-14 18:43:29
？	晚	wǎn	late	太晚了，公共汽车已经开走了。	deck#6	due@2026-08-14 21:22:54
3	换	huàn	change/exchange	他在银行换钱。	deck#3	due@2024-10-02 20:32:55
6	蚂蚁	mǎyǐ	ant	在厨房有很多蚂蚁。		due@2023-12-22 13:30:52
4	偶尔	ǒuěr	once in a while/occasionally/sometimes	他喜欢偶尔去海边。		
3	遇到	yùdào	to meet/encounter	昨天我遇到你父母了。		
3	拿	ná	to seize/catch/get/take	你喜欢什么就拿吧。	deck#6	due@2026-07-03 17:37:45
3	放	fàng	to put/place/release/free	他把包放在桌子下面。	deck#4	due@2024-12-11 19:14:34
3	解决	jiějué	solve	我知道怎么解决这个问题。	deck#4	due@2026-08-04 21:15:20
4	解释	jiěshì	explain	让我解释。		
3	了解	liǎojiě	understand	她对我什么都不了解。	deck#5	due@2026-09-14 19:27:50
4	理解	lǐjiě	to understand/understanding (sense,motivation,opinon)	这个意思，我理解。	deck#4	due@2026-02-09 22:23:26
4	理想	lǐxiǎng	ideal/objective/wish (n)	不同的人有不同的理想	deck#3	due@2024-09-06 17:53:53
6	访问	fǎngwèn	visit (v/n formal)			due@2024-07-20 21:11:29
3	更	gèng	more/even more/further	您比我更高。	deck#6	due@2027-01-05 21:51:02
4	使	shǐ	use/make	他使他儿子成了个有钱人。	deck#6	due@2027-06-11 18:30:48
4	使用	shǐyòng	use (n/v)	我们使用这个办法。	deck#4	due@2026-02-09 21:24:57
2	便宜	piányi	cheap	我们的衣服真的很便宜。	deck#6	due@2026-08-14 21:13:31
4	随便	suíbiàn	as one pleases/doesn't matter	你选择一个随便。	deck#2	due@2024-07-20 21:41:28
4	随着	suízhe	with/as.../follow	随着年龄的增长，他变得更加聪明。/不管他去哪儿，他的狗就随着走。		
5	随时	suíshí	at any time	地震随时都可能发生。		
3	历史	lìshǐ	history	我对亚洲的历史很感兴趣	deck#5	due@2025-10-06 11:01:20
4	厉害	lìhài	awesome/cool/terrible (a)	我头疼得特别厉害		
4	而	ér	and/but	听而不闻	deck#4	due@2026-07-11 07:51:09
3	而且	érqiě	moreover	他结婚了，而且有三个孩子	deck#5	due@2026-09-09 07:44:46
6	而已	éryǐ	nothing more/that's all	我只是想看她而已。	deck#3	due@2024-08-13 22:37:29
4	血	xuè	blood	血是红的色。	deck#5	due@2026-11-27 15:06:43
4	当	dāng	should (aux v), work/act as	他儿子想当律师。	deck#5	due@2025-10-06 17:32:16
4	当时	dāngshī	at that time, then	他当时一个人。	deck#4	due@2026-07-16 18:54:44
3	当然	dāngrán	of course	他当然是无辜的。	deck#5	due@2026-09-14 19:10:25
5	当心	dāngxīn	be careful	你如果不当心, 会受伤的	deck#4	due@2024-09-29 14:35:25
4	粗心	cūxìn	careless/negligent	他做事很粗心。	deck#3	due@2024-10-06 21:31:27
&	风	fēng	wind	刮了很大风。	deck#6	due@2027-06-30 21:10:49
4	刚	gāng	just	我刚才吃饭了。	deck#5	due@2026-10-03 21:05:10
5	疯狂	fēngkuáng	madness/insane/craziness	梦想能让我疯狂。	deck#2	due@2024-08-13 21:58:44
5+	疯子	fēngzi	madman/lunatic/crazy person	他表现的像个疯子。	deck#4	due@2026-07-16 17:05:44
&	网	wǎng	net		deck#5	due@2025-10-06 10:54:24
4	网站	wǎngzhàn	website	公司的网站做得很好。		
4	网球	wǎngqiú	tennis		deck#5	due@2026-09-14 18:47:35
5	风景	fēngjǐng	scenery	这个地方以风景优美闻名。	deck#5	due@2026-11-27 15:02:40
5	风险	fēngxiǎn	risk	风险太大。我很担心。	deck#2	due@2024-08-13 21:53:41
5	疯狂	fēngkuáng	crazy/fierce/mad	他真的很疯狂。	deck#2	due@2024-07-20 22:09:05
4	区别	qūbié	difference/to differ/to distinguish	咱们的想法有区别。	deck#3	due@2024-08-16 21:58:28
4	郊区	jiāoqū	suburbs	我们住在郊区。		due@2024-07-20 21:15:39
5	欧州	oūzhōu	Europe	这条河是欧洲最宽的。	deck#6	due@2026-07-03 10:49:02
5+	欧元	ōuyuán	Euro (money)	我花了大约三十欧元。	deck#4	due@2026-07-16 17:06:52
6	凶手	xiōngshǒu	murdered/assassin	凶手承认了自己的犯罪。		due@2024-07-20 21:14:19
6	凶杀	xiōngshā	murder (v/n)		deck#4	due@2026-07-16 18:59:53
3	马上	mǎshàng	immediately	我马上就认出了他	deck#6	due@2026-07-03 10:45:09
5	立刻	lìkè	immediately/as soon as	医生立刻就到了。	deck#4	due@2024-12-09 22:21:54
3	应该	yīnggāi	should	你应该去看病	deck#6	due@2026-07-03 10:49:39
5	答应	dāyìng	answer/agree/promise	我答应他跟他吃饭。	deck#2	due@2024-08-14 21:01:46
5	应用	yìngyòng	apply/application/app	我正在开发一个Android应用。		due@2024-07-20 20:54:32
!	及	jí	reach/and/on time/as good as		deck#4	due@2026-07-16 17:15:28
4	及时	jíshí	on time	他打出租车以及时赶到	deck#4	due@2024-09-29 14:38:31
6	及早	jízǎo	as soon as possible	有病要及早治。	deck#3	due@2024-10-06 21:33:00
5	及格	jígé	pass/succeed	我考试都及格.		due@2024-07-29 17:26:47
3	极	jí	very/extremely	我肚子饿极了。	deck#4	due@2026-07-16 19:47:47
5	极其	jíqí	extremely	她的房子卖得极其便宜。	deck#3	due@2024-10-07 17:41:49
4	积极	jījí	active/positive/energetic	他很积极地工作。	deck#2	due@2024-08-13 21:42:18
4	寄	jì	to send (by mail)	他寄了信。	deck#4	due@2026-08-04 21:12:19
3	奇怪	qíguài	strange/odd	奇怪的声音从门后去来。	deck#4	due@2026-07-14 17:38:58
1	椅子	yǐzi	chair	她拿了一把椅子。	deck#6	due@2026-08-14 21:23:47
3	骑	qí	ride	我是骑自行车来的。	deck#6	due@2026-07-03 10:53:34
4	专业	zhuānyè	field of study/profession/major		deck#3	due@2024-09-06 14:33:31
5	专家	zhuānjiā	specialist/expert	他是个数学专家。	deck#4	due@2026-07-16 17:19:47
4	转	zhuǎn;zhuàn	turn/pass on; rotate/revolve	天突然转阴了。	deck#3	due@2026-09-05 15:03:18
5	转变	zhuǎnbiàn	transform/change/convert	他转变了话题。		due@2023-12-22 22:01:43
5	传统	chuántǒng	tradition	他们传统的生活方式不再存在。		
5	传染	chuánrǎn	to infect/contagious	他把感冒传染给我了。		
2	考试	kǎoshì	test/exam (n/v)	我必须通过这场考试。	deck#5	due@2025-09-28 21:02:37
4	考虑	kǎolǚ	consider	她考虑去旅行。	deck#4	due@2026-07-16 17:12:08
3	试	shì	to try/test	我试一下打电话。	deck#5	due@2026-09-14 17:01:25
5+	烤	kǎo	to bake/grill/roast	我烤了猪肉。	deck#4	due@2026-07-16 18:40:38
5+	烤箱	kǎoxiāng	oven	烤箱真的关了吗？	deck#4	due@2024-09-29 17:43:45
4	佛	fú	Buddha	我们信仰佛教。		
4+	费	fèi	cost	免费，消费，学费，付费，费用		
4	赚	zhuàn	to earn/to profit	他赚很多钱。		
4&	序	xù	order/sequence/series			
4	存	cún	to save/to store/to deposit	他把这些材料存了在电脑里。	deck#2	due@2024-07-30 17:36:09
4	存在	cúnzài	to exist/existance	你觉着有外星人存在吗？	deck#2	due@2024-07-20 21:56:05
&	床	chuáng	bed	我早起床。	deck#6	due@2026-07-03 17:34:04
&	宋	sòng	Song (name/dynasty)			due@2024-07-20 21:05:23
3	船	chuán	boat	我在等船来。	deck#5	due@2026-10-03 21:06:07
3	一般	yìbān	ordinary/same		deck#4	due@2026-07-16 18:28:16
4	航班	hángbān	scheduled flight/flight number/plane	我们的航班被取消了。		
6	航空	hángkōng	aviation	这个航空公司的飞机怎么样？		
4	卡	kǎ	card	他用卡付钱。	deck#5	due@2026-10-03 21:17:09
5	片	piàn	piece/area/slice(v/n)/brief(a)/MW	一片叶子正在掉下来。	deck#4	due@2026-07-16 17:20:49
3	照片	zhàopiàn	photo	这张照片很美。	deck#5	due@2025-10-06 11:05:40
3	照相机	zhàoxiàngjī	camera	这个照相机很大。	deck#4	due@2024-10-25 20:31:53
4	招聘	zhāopìn	recruit/recruitment	他们从国外招聘了一些翻译者。		due@2024-07-20 20:53:38
5	招待	zhāodài	receive guests/entertain/reception (n/v)			due@2024-07-20 20:55:39
3	香蕉	xiāngjiāo	banana	他扔了那个橡胶。	deck#4	due@2026-07-16 16:57:36
2	西瓜	xīguā	melon	我在吃西瓜。	deck#6	due@2027-06-30 21:05:51
3	被	bèi	passive marker	你被虫子咬吗？	deck#5	due@2026-09-14 17:14:18
4	支持	zhīchí	support （n/v)	经理很支持我的工作。	deck#4	due@2026-07-16 16:57:10
4	皮肤	pífū	skin	她的皮肤白得像雪。	deck#4	due@2026-07-16 20:06:21
6+	波浪	bōlàng	wave		deck#3	due@2024-09-06 14:51:25
4	破坏	póhuài	to break/to destroy/destruction	我们破坏自然环境。	deck#2	due@2024-08-14 21:05:32
5	玻璃	bōli	glass (adj)	玻璃杯打碎了。	deck#2	due@2024-08-13 21:44:36
4	敲	qiāo	to knock	他们又来敲门了。	deck#2	due@2024-08-01 19:27:17
4	技术	jìshù	technology/skill	现代科学技术让我们的生活更加舒适。	deck#4	due@2026-09-27 15:17:43
5	类型	lèixíng	type	你做什么类型的工作？		due@2024-07-20 21:22:14
6	类似	lèisì	similar	我也听过一个类似的故事。		due@2024-07-19 22:23:20
3	脚	jiǎo	foot	医生在检查脚。	deck#4	due@2026-07-16 17:19:15
3	腿	tuǐ	leg	他的腿很长。	deck#4	due@2026-07-11 07:48:57
4	胳膊	gēbo	arm	她碰了我的胳膊。		due@2024-06-13 18:30:07
5+	肚	dǔ	belly			due@2023-12-22 21:46:03
4	肚子	dùzi	belly	我肚子饿极了。	deck#5	due@2026-09-14 19:35:22
5+	鞋子	xiézi	shoes	我只有一双鞋子。	deck#3	due@2024-09-06 17:43:16
3	裤子	kùzi	pants	她穿着蓝裤子。	deck#3	due@2024-10-07 17:43:15
4	指	zhǐ	finger/refer to/point to	他给我指了那个方向。	deck#4	due@2024-09-29 17:54:17
5	指导	zhǐdǎo	to direct/to guide/guidance/advice	在老师的指导下，我的学习有了很大的进步。		
4	台	tái	tower/table/taiwan/MW for machines		deck#5	due@2026-09-14 18:31:32
4	抬	tái	to lift/raise/carry up	他帮助我抬了一下椅子。		
6	台风	táifēng	typhoon/hurricane		deck#5	due@2026-11-26 15:21:34
5	治疗	zhìliáo	cure (n/v)		deck#2	due@2024-08-14 21:07:25
6	治安	zhì'ān	security		deck#2	due@2024-08-13 21:37:47
*	台湾	táiwān	Taiwan	台湾是自由的国家。	deck#4	due@2026-01-13 11:02:41
3	舒服	shūfú	comfortable		deck#4	due@2024-10-25 20:30:03
2	服务员	fúwùyuán	waiter	这家饭店的服务员很干净。	deck#4	due@2026-07-16 17:08:10
3+	加	jiā	add/increase		deck#6	due@2027-06-11 20:01:37
3+	架	jià	to construct/to support/frame		deck#3	due@2024-09-06 14:57:18
3	参加	cānjiā	participate/take part in	我必须参加考试。	deck#5	due@2025-10-06 10:48:25
4	参观	cānguān	to visit (a place, tourist spot)/to tour/to inspect	我们第一次参观了他的家乡。		
4	翻译	fānyì	translate/translator	根据我所知，这本书还没被翻译成日语。	deck#5	due@2026-11-26 15:13:23
4	呆	dāi	to stay;foolish/stupid	我计划呆一个星期。		
4	保护	bǎohù	protect/defend		deck#3	due@2024-09-06 17:49:44
4	保证	bǎozhèng	ensure/guarantee/promise	我保证我会做的。	deck#2	due@2024-08-13 21:54:21
5	保持	bǎochí	maintain/hold	我们只须保持冷静		due@2024-07-19 22:18:48
5	保险	bǎoxiǎn	safe/be sure/insurance			due@2024-07-20 20:59:53
5	尽快	jǐnkuài	as soon as possible	请尽快回来。	deck#4	due@2026-07-16 20:00:26
4	尽管	jǐnguǎn	even though..	尽管天下着雨，他还是来的。	deck#3	due@2024-08-16 21:57:58
5	尽力	jǐnlì	try one’s hardest (努力)		deck#2	due@2024-08-14 20:59:29
5	尽量	jǐnliàng	to the best of one's ability	她会尽量按时赶来的。		due@2024-07-13 16:42:11
4	取	qǔ	take/obtain/adopt/choose	请给我取一张票。	deck#4	due@2024-10-26 19:47:00
3	取消	qǔxiāo	cancel	我不能取消它。	deck#2	due@2024-08-14 20:48:27
5+	取得	qǔdé	to reach/get/acquire/attain	这几年，科学取得了显著的进步。	deck#4	due@2026-07-14 17:41:05
6	取缔	qǔdì	ban	首都的新闻报道受到了严格限制。		due@2024-07-13 19:34:11
3	敢	gǎn	dare	我不敢杀動物。	deck#5	due@2026-09-14 19:37:14
4	勇敢	yǒnggǎn	brave/courageous	他是很勇敢的人。		due@2024-07-20 21:17:09
4	散步	sànbù	to go on a walk/take a walk	我喜欢在大自然中散步。		due@2024-07-19 22:28:29
3+	兴趣	xìngqù	interesting/to be interested	你对语言感兴趣吗？	deck#5	due@2026-09-14 20:12:43
5	敌人	dírén	enemy	杀你的敌人！		due@2024-07-20 21:04:50
4	激动	jīdòng	excited/excite/agitated	我激动得说不话。		due@2024-07-20 21:14:08
5	枪	qiāng	gun/spear			due@2024-07-02 22:39:04
3	角	jiǎo	corner/angle/horn	牛有角。	deck#6	due@2026-08-14 21:22:58
5	确定	quèdìng	to determine/to be certain	我不确定这个单词的发音。	deck#2	due@2024-08-14 20:54:27
4	确实	quèshí	true/really	她确实死了。	deck#4	due@2026-07-16 18:53:02
5	确认	quèrèn	confirm/check		deck#2	due@2024-08-14 20:55:35
4	硬	yìng	hard/solid/firm/stiff	那张床有一点儿硬。		
6	坚硬	jiānyìng	hard/solid	昆虫有一层坚硬的表皮。		
4	通过	tōngguò	pass/by means of	他通过努力挣了大笔钱。 / 我必须通过这场考试。	deck#4	due@2026-07-11 07:44:31
4	通知	tōngzhī	inform/notify/notification	请通知我。	deck#2	due@2024-08-14 20:54:58
5	通常	tōngcháng	normal	我妹妹通常走路上学。		due@2024-07-19 22:32:44
4	嘴	zuǐ	mouth	闭嘴！	deck#3	due@2024-11-18 19:26:55
4	研究	yánjiū	to research	他们一起研究了文化。		
5	碎	suì	break/broken (into pieces)	玻璃杯打碎了。		due@2024-07-19 22:21:59
3	健康	jiànkāng	healthy/health	奶奶身体很健康。	deck#4	due@2026-07-16 18:48:48
5+	财	cái	wealth		deck#3	due@2024-10-07 22:10:45
5	财产	cáichǎn	property/belonging			due@2024-07-19 21:56:58
6	财富	cáifù	wealth	健康胜于财富。	deck#3	due@2024-09-06 17:44:06
6	财政	cáizhèng	finance		deck#2	due@2024-08-31 14:46:08
4	警察	jǐngchá	police/policeman	门口有有一位警察。	deck#5	due@2025-10-06 10:55:04
6	警告	jǐnggào	warn	我警告过你别来这里。	deck#4	due@2024-10-25 20:34:42
5	威胁	wēixié	threaten	我一点也不怕他威胁。		due@2024-07-02 19:26:39
6	威力	wēilì	power			due@2024-07-20 21:05:31
4+	军	jūn	army/military		deck#4	due@2026-09-27 15:14:17
6	军队	jūnduì	army/troops	军队意外地被攻击了。	deck#3	due@2024-09-06 17:47:31
4+	牌子	páizi	sign/brand			due@2024-07-19 22:31:09
5	陆	lù	land/continent	非洲是一块非常大的大陆。	deck#2	due@2024-08-01 19:21:22
5	陆地	lùdì	land	中国陆地的总面积是960万平方公里。		
4	着陆	zhuólù	to land/landing	飞机什么时候着陆？		due@2024-07-21 20:15:22
5	集合	jíhé	to gather/a gathering	他们已经集合了。		
5	遵守	zūnshǒu	to comply with/abide by/respect	司机应该遵守交通规则。		due@2024-07-13 19:42:46
4	博士	bóshì	doctor/PhD (academic)	毕业后，我打算读博士。	deck#2	due@2024-08-07 22:14:14
4	赢	yíng	to win/beat/profit/gain	哪个队赢得比赛并不重要。		
5	夜	yè	night/dark/by night	这是个冷的冬夜。	deck#3	due@2026-01-17 21:49:29
4	熟悉	shúxī	to be familiar with/know well	我熟悉熊猫。		
G	一···就	yī...jiú	as soon as	他一到城市就给我打了电话。	deck#4	due@2024-09-11 15:49:46
G	连···都	lián...dōu	even	连小孩子都会做。	deck#3	due@2024-09-06 15:06:32
G	不是···就是···	bùshi...jiùshi	If it's not..then it's...	我做的蛋糕不是被你吃了，就是被你妹妹吃了。	deck#4	due@2024-12-09 22:47:06
G	不但···而且···	bùdàn...érqiě	not only...but also	他不但会说普通话，而且会说上海话。	deck#5	due@2026-09-14 20:24:01
G	从···起，···	cóng...qǐ	from (time)	从上周三起，她一直缺席。	deck#4	due@2026-07-16 18:32:10
G	只有···，才···	zhǐyǒu...cái	only if..., then...	只有得了签证才可以来中国。	deck#2	due@2024-08-14 20:52:02
4G	既然···，就/也/那	jìrán...jiù/yě/nà	since (reason)/as..., then..	既然雨已经停了, 我们就可以回家了.	deck#2	due@2024-08-13 22:10:01
G	先···，再···	xiān...zài	First..., then...		deck#4	due@2026-07-14 17:37:00
4G	不管···，都/也	bùguǎn..dōu/yě	No matter.., (result)	不管谁来，都别开门。	deck#4	due@2026-09-27 15:27:59
4G	....,不过...	buguò	but/yet	我没看过这部电影，不过我知道它很受欢迎。	deck#3	due@2026-01-17 21:44:13
5G	趁···，···	chén...	Since (reason), (opportunity)	应该趁年轻多读点书。		due@2024-07-02 22:28:22
G	没有···那么/这么···	méiyǒu..nàme..	is not as .. as ..	今天的天气没有昨天的那么好。	deck#6	due@2027-06-11 17:03:19
5G	与其···，不如···	yǔqí...bùrú....	Rather than ...., it's better to ...	与其说他诚实，不如说他聪明。		due@2024-07-13 19:20:07
4G	即使···，也···	jíshǐ...,yě...	Even if ..., still...	即使她在日本长大，她也会说一口流利的英语。	deck#2	due@2024-08-13 21:40:18
3G	越··越···	yuè...yuè...	The more...,the more ...	人知道的越多，懂的就越少。	deck#6	due@2027-06-11 17:06:28
4G	对...来说	duì...láishūo	from .... perspective	这个对他来说很困难。	deck#5	due@2026-09-14 18:19:41
4G	不仅...而且...	bùjǐn..ěrqiě	not only... but also	她不仅漂亮，而且对每个人都很好。	deck#3	due@2026-01-17 22:25:55
4G	先..., 才...	xiān...,cái....	first..., only then...		deck#4	due@2024-12-09 21:44:17
4G	这样一来...	zhèyàngyilái	in this case ...	这样一来，孩子就是很高兴。	deck#3	due@2024-09-06 15:05:15
4G	会...的	huì...de	will (promise,certainty)	我（一定）会去北京的。		
#METADATA:
#METADATA:
#METADATA:
#--decks immediate,daily,weekly,monthly,quarterly,yearly
#--intervals 0,1440,10080,43200,129600,518400
#--showcolumns HANZI,EXAMPLE
#--showcolumns EXAMPLE,PINYIN,MEANING,LEVEL
